#chrom	chromStart	chromEnd	name	score	strand	thickStart	thickEnd	reserved	blockCount	blockSizes	chromStarts	oChromStart	oChromEnd	oStrand	oChromSize	oChromStarts	oSequence	oCDS	chromSize	match	misMatch	repMatch	nCount	seqType	transList	acc	uniprotName	status	accList	isoIds	protFullNames	protShortNames	protAltFullNames	protAltShortNames	geneName	geneSynonyms	functionText	hgncSym	hgncId	refSeq	refSeqProt	entrezGene	ensGene	ensProt	ensTrans	isMain
chr1	69090	70005	Q8NGA8	1000	+	69090	70005	12,12,120	1	915	0	0	915	+	915	0,	MVTEFIFLGLSDSQGLQTFLFMLFFVFYGGIVFGNLLIVITVVSDSHLHSPMYFLLANLSLIDLSLSSVTAPKMITDFFSQRKVISFKGCLVQIFLLHFFGGSEMVILIAMGFDRYIAICKPLHYTTIMCGNACVGIMAVAWGIGFLHSVSQLAFAVHLPFCGPNEVDSFYCDLPRVIKLACTDTYRLDIMVIANSGVLTVCSFVLLIISYTIILMTIQHRPLDKSSKALSTLTAHITVVLLFFGPCVFIYAWPFPIKSLDKFLAVFYSVITPLLNPIIYTLRNKDMKTAIRQLRKWDAHSSVKF		248956422	915	0	0	0	2	Alignment of protein to transcript(s) annotated by UniProt: NM_001005484.2	Q8NGA8	O4F17_HUMAN	Manually reviewed (Swiss-Prot)	Q8NGA8, B2RNE8		Olfactory receptor 4F17	OR4F17	Olfactory receptor 4F11; Olfactory receptor 4F18; Olfactory receptor 4F19		OR4F17	OR4F11P; OR4F18; OR4F19	<ul><li>Odorant receptor.</ul>	OR4F17	15381	NM_001005240.1, XM_005259648.1	XP_005259705.1, NP_001005240.1	81099	ENSG00000176695.8	ENSP00000467301.1, ENSP00000315047.3	ENST00000585993.3, ENST00000318050.4	primary sequence
chr1	69090	70005	Q8NH21	1000	+	69090	70005	12,12,120	1	915	0	0	915	+	915	0,	MVTEFIFLGLSDSQELQTFLFMLFFVFYGGIVFGNLLIVITVVSDSHLHSPMYFLLANLSLIDLSLSSVTAPKMITDFFSQRKVISFKGCLVQIFLLHFFGGSEMVILIAMGFDRYIAICKPLHYTTIMCGNACVGIMAVTWGIGFLHSVSQLAFAVHLLFCGPNEVDSFYCDLPRVIKLACTDTYRLDIMVIANSGVLTVCSFVLLIISYTIILMTIQHRPLDKSSKALSTLTAHITVVLLFFGPCVFIYAWPFPIKSLDKFLAVFYSVITPLLNPIIYTLRNKDMKTAIRQLRKWDAHSSVKF		248956422	915	0	0	0	2	Alignment of protein to transcript(s) annotated by UniProt: NM_001005484.2	Q8NH21	OR4F5_HUMAN	Manually reviewed (Swiss-Prot)	Q8NH21, Q5VT22		Olfactory receptor 4F5	OR4F5			OR4F5		<ul><li>Odorant receptor.</ul>	OR4F5	14825	NM_001005484.1	NP_001005484.1	79501				primary sequence
chr1	69090	70005	Q96R69	1000	+	69090	70005	12,12,120	1	915	0	0	915	+	915	0,	MVTEFIFLGLSDSQELQTFLFMLFFVFYGGIVFGNLLIVITVVSDSHLHSPMYFLLANLSLIDLSLSSVTAPKMITDFFSQRKVISFKGCLVQIFLLHFFGGSEMVILIAMGFDRYIAICKPLHYTTIMCGNACVGIMAVAWGIGFLHSVSQLAFAVHLPFCGPNEVDSFYCDLPRVIKLACTDTYRLDIMVIANSGVLTVCSFVLLIISYTIILMTIQHCPLDKSSKALSTLTAHITVVLLFFGPCVFIYAWPFPIKSLDKFLAVFYSVITPLLNPIIYTLRNKDMKTAIRRLRKWDAHSSVKF		248956422	915	0	0	0	2	Best match(es) when aligning protein against all transcripts: NM_001005484.2	Q96R69	OR4F4_HUMAN	Manually reviewed (Swiss-Prot)	Q96R69, B2RNI5, Q6IFN9		Olfactory receptor 4F4	OR4F4	HS14a-1-A; Olfactory receptor OR19-3		OR4F4		<ul><li>Odorant receptor.</ul>	OR4F4	8301	NM_001004195.2	NP_001004195.2	26682	ENSG00000288513.1	ENSP00000500162.1	ENST00000673169.1	primary sequence
chr1	450742	451678	O95013	1000	-	450742	451678	12,12,120	1	936	0	0	936	+	936	0,	MDGENHSVVSEFLFLGLTHSWEIQLLLLVFSSVLYVASITGNIFIVFSVTTDPHLHSPMYFLLASLSFIDLGACSVTSPKMIYDLFRKRKVISFGGCIAQIFFIHVIGGVEMVLLIAMAFDRYVALCKPLHYLTIMSPRMCLSFLAVAWTLGVSHSLFQLAFLVNLAFCGPNVLDSFYCDLPRLLRLACTDTYRLQFMVTVNSGFICVGTFFILLISYVFILFTVWKHSSGGSSKALSTLSAHSTVVLLFFGPPMFVYTRPHPNSQMDKFLAIFDAVLTPFLNPVVYTFRNKEMKAAIKRVCKQLVIYKKIS		248956422	936	0	0	0	2	Alignment of protein to transcript(s) annotated by UniProt: NM_001005221.2	O95013	O4F21_HUMAN	Manually reviewed (Swiss-Prot)	O95013, A6NIU1		Olfactory receptor 4F21	OR4F21			OR4F21	OR4F21P	<ul><li>Odorant receptor.</ul>	OR4F21	19583	NM_001005504.1	NP_001005504.1	441308	ENSG00000176269.4	ENSP00000318878.3	ENST00000320901.4	primary sequence
chr1	450742	451678	Q6IEY1	1000	-	450742	451678	12,12,120	1	936	0	0	936	+	936	0,	MDGENHSVVSEFLFLGLTHSWEIQLLLLVFSSVLYVASITGNILIVFSVTTDPHLHSPMYFLLASLSFIDLGACSVTSPKMIYDLFRKRKVISFGGCIAQIFFIHVVGGVEMVLLIAMAFDRYVALCKPLHYLTIMSPRMCLSFLAVAWTLGVSHSLFQLAFLVNLAFCGPNVLDSFYCDLPRLLRLACTDTYRLQFMVTVNSGFICVGTFFILLISYVFILFTVWKHSSGGSSKALSTLSAHSTVVLLFFGPPMFVYTRPHPNSQMDKFLAIFDAVLTPFLNPVVYTFRNKEMKAAIKRVCKQLVIYKRIS		248956422	936	0	0	0	2	Alignment of protein to transcript(s) annotated by UniProt: NM_001005221.2	Q6IEY1	OR4F3_HUMAN	Manually reviewed (Swiss-Prot)	Q6IEY1, B2RPQ6		Olfactory receptor 4F3/4F16/4F29	OR4F3; OR4F16; OR4F29	Olfactory receptor OR1-1		OR4F3; OR4F16; OR4F29		<ul><li>Odorant receptor.</ul>	OR4F16, OR4F29, OR4F3	15079, 8300, 31275	XM_017002411.1, XM_017009338.1, NM_001005224.1, NM_001005221.2, XM_017002409.1, XM_017002410.1, NM_001005277.1, XM_017002408.1	XP_016857898.1, NP_001005221.2, XP_016857899.1, NP_001005277.1, NP_001005224.1, XP_016857900.1, XP_016864827.1, XP_016857897.1	81399, 26683, 729759	ENSG00000230178.1, ENSG00000284662.2, ENSG00000284733.2	ENSP00000409316.1, ENSP00000329982.2, ENSP00000394282.1	ENST00000332831.5, ENST00000456475.1, ENST00000426406.4	primary sequence
chr1	685718	686654	O95013	1000	-	685718	686654	12,12,120	1	936	0	0	936	+	936	0,	MDGENHSVVSEFLFLGLTHSWEIQLLLLVFSSVLYVASITGNIFIVFSVTTDPHLHSPMYFLLASLSFIDLGACSVTSPKMIYDLFRKRKVISFGGCIAQIFFIHVIGGVEMVLLIAMAFDRYVALCKPLHYLTIMSPRMCLSFLAVAWTLGVSHSLFQLAFLVNLAFCGPNVLDSFYCDLPRLLRLACTDTYRLQFMVTVNSGFICVGTFFILLISYVFILFTVWKHSSGGSSKALSTLSAHSTVVLLFFGPPMFVYTRPHPNSQMDKFLAIFDAVLTPFLNPVVYTFRNKEMKAAIKRVCKQLVIYKKIS		248956422	936	0	0	0	2	Alignment of protein to transcript(s) annotated by UniProt: NM_001005277.1, XM_017002408.2, XM_017002410.2, XM_024449992.2, XM_047431162.1	O95013	O4F21_HUMAN	Manually reviewed (Swiss-Prot)	O95013, A6NIU1		Olfactory receptor 4F21	OR4F21			OR4F21	OR4F21P	<ul><li>Odorant receptor.</ul>	OR4F21	19583	NM_001005504.1	NP_001005504.1	441308	ENSG00000176269.4	ENSP00000318878.3	ENST00000320901.4	primary sequence
chr1	685718	686654	Q6IEY1	1000	-	685718	686654	12,12,120	1	936	0	0	936	+	936	0,	MDGENHSVVSEFLFLGLTHSWEIQLLLLVFSSVLYVASITGNILIVFSVTTDPHLHSPMYFLLASLSFIDLGACSVTSPKMIYDLFRKRKVISFGGCIAQIFFIHVVGGVEMVLLIAMAFDRYVALCKPLHYLTIMSPRMCLSFLAVAWTLGVSHSLFQLAFLVNLAFCGPNVLDSFYCDLPRLLRLACTDTYRLQFMVTVNSGFICVGTFFILLISYVFILFTVWKHSSGGSSKALSTLSAHSTVVLLFFGPPMFVYTRPHPNSQMDKFLAIFDAVLTPFLNPVVYTFRNKEMKAAIKRVCKQLVIYKRIS		248956422	936	0	0	0	2	Alignment of protein to transcript(s) annotated by UniProt: NM_001005277.1, XM_017002408.2, XM_017002410.2, XM_024449992.2, XM_047431162.1	Q6IEY1	OR4F3_HUMAN	Manually reviewed (Swiss-Prot)	Q6IEY1, B2RPQ6		Olfactory receptor 4F3/4F16/4F29	OR4F3; OR4F16; OR4F29	Olfactory receptor OR1-1		OR4F3; OR4F16; OR4F29		<ul><li>Odorant receptor.</ul>	OR4F16, OR4F29, OR4F3	15079, 8300, 31275	XM_017002411.1, XM_017009338.1, NM_001005224.1, NM_001005221.2, XM_017002409.1, XM_017002410.1, NM_001005277.1, XM_017002408.1	XP_016857898.1, NP_001005221.2, XP_016857899.1, NP_001005277.1, NP_001005224.1, XP_016857900.1, XP_016864827.1, XP_016857897.1	81399, 26683, 729759	ENSG00000230178.1, ENSG00000284662.2, ENSG00000284733.2	ENSP00000409316.1, ENSP00000329982.2, ENSP00000394282.1	ENST00000332831.5, ENST00000456475.1, ENST00000426406.4	primary sequence
chr1	925941	944150	Q96NU1-3	1000	+	925941	944150	12,12,120	13	72,182,51,125,90,186,163,116,79,500,125,111,243	0,4213,5097,9830,13098,13333,15202,16194,16468,16617,17311,17756,17966	0	2043	+	2043	0,72,254,305,430,520,706,869,985,1064,1564,1689,1800,	MSKGILQVHPPICDCPGCRISSPVNRGRLADKRTVALPAARNLKKERTPSFSASDGDSDGSGPTCGRRPGLKQEDGPHIRIMKRRVHTHWDVNISFREASCSQDGNLPTLISSVHRSRHLVMPEHQSRCEFQRGSLEIGLRPAGDLLGKRLGRSPRISSDCFSEKRARSESPQEALLLPRELGPSMAPEDHYRRLVSALSEASTFEDPQRLYHLGLPSHGEDPPWHDPPHHLPSHDLLRVRQEVAAAALRGPSGLEAHLPSSTAGQRRKQGLAQHREGAAPAAAPSFSERELPQPPPLLSPQNAPHVALGPHLRPPFLGVPSALCQTPGYGFLPPAQAEMFAWQQELLRKQNLARLELPADLLRQKELESARPQLLAPETALRPNDGAEELQRRGALLVLNHGAAPLLALPPQGPPGSGPPTPSRDSARRAPRKGGPGPASARPSESKEMTGARLWAQDGSEDEPPKDSDGEDPETAAVGCRGPTPGQAPAGGAGAEGKGLFPGSTLPLGFPYAVSPYFHTGAVGGLSMDGEEAPAPEDVTKWTVDDVCSFVGGLSGCGEYTRVFREQGIDGETLPLLTEEHLLTNMGLKLGPALKIRAQVARRLGRVFYVASFPVALPLQPPTLRAPERELGTGEQPLSPTTATSPYGGGHALAGQTSPKQENGTLALLPGAPDPSQPLC		248956422	2043	0	0	0	2	Alignment of protein to transcript(s) annotated by UniProt: NM_001385640.1, NM_001385641.1, NM_152486.4	Q96NU1	SAM11_HUMAN	Manually reviewed (Swiss-Prot)	Q96NU1, A2AA76, I7FV78, I7FV81, I7G0Z6, Q5SV96, Q5SV99, Q5SVA0, Q8N195, Q8TB59	Q96NU1-1, Q96NU1-2, Q96NU1-4, Q96NU1-5, Q96NU1-6	Sterile alpha motif domain-containing protein 11	SAM domain-containing protein 11			SAMD11		<ul><li>May play a role in photoreceptor development.</ul>	SAMD11	28706	NM_152486.2	NP_689699.2	148398	ENSG00000187634.13	ENSP00000342313.3	ENST00000342066.8	primary sequence
chr1	925941	944150	Q96NU1-4	0	+	925941	944150	0,150,250	13	72,182,51,125,90,141,163,116,79,500,125,111,243	0,4213,5097,9830,13098,13330,15202,16194,16468,16617,17311,17756,17966	0	1998	+	1998	0,72,254,305,430,520,661,824,940,1019,1519,1644,1755,	MSKGILQVHPPICDCPGCRISSPVNRGRLADKRTVALPAARNLKKERTPSFSASDGDSDGSGPTCGRRPGLKQEDGPHIRIMKRRVHTHWDVNISFREASCSQDGNLPTLISSVHRSRHLVMPEHQSRCEFQRGSLEIGLRPAGDLLGKRLGRSPRISSDCFSEKRARSESPQAEALLLPRELGPSMAPEDHYRRLVSALSEASTFEDPQRLYHLGLPSHDLLRVRQEVAAAALRGPSGLEAHLPSSTAGQRRKQGLAQHREGAAPAAAPSFSERELPQPPPLLSPQNAPHVALGPHLRPPFLGVPSALCQTPGYGFLPPAQAEMFAWQQELLRKQNLARLELPADLLRQKELESARPQLLAPETALRPNDGAEELQRRGALLVLNHGAAPLLALPPQGPPGSGPPTPSRDSARRAPRKGGPGPASARPSESKEMTGARLWAQDGSEDEPPKDSDGEDPETAAVGCRGPTPGQAPAGGAGAEGKGLFPGSTLPLGFPYAVSPYFHTGAVGGLSMDGEEAPAPEDVTKWTVDDVCSFVGGLSGCGEYTRVFREQGIDGETLPLLTEEHLLTNMGLKLGPALKIRAQVARRLGRVFYVASFPVALPLQPPTLRAPERELGTGEQPLSPTTATSPYGGGHALAGQTSPKQENGTLALLPGAPDPSQPLC		248956422	1998	0	0	0	2	Alignment of protein to transcript(s) annotated by UniProt: NM_001385640.1, NM_001385641.1, NM_152486.4	Q96NU1	SAM11_HUMAN	Unreviewed (TrEMBL)	Q96NU1, A2AA76, I7FV78, I7FV81, I7G0Z6, Q5SV96, Q5SV99, Q5SVA0, Q8N195, Q8TB59	Q96NU1-1, Q96NU1-2, Q96NU1-4, Q96NU1-5, Q96NU1-6	Sterile alpha motif domain-containing protein 11	SAM domain-containing protein 11			SAMD11		<ul><li>May play a role in photoreceptor development.</ul>	SAMD11	28706	NM_152486.2	NP_689699.2	148398	ENSG00000187634.13	ENSP00000342313.3	ENST00000342066.8	alternative isoform
chr1	925941	944150	Q96NU1-5	0	+	925941	944150	0,150,250	14	72,182,51,125,90,141,163,116,79,500,125,111,3,240	0,4213,5097,9830,13098,13330,15202,16194,16468,16617,17311,17756,17966,17969	0	2097	+	2097	0,72,254,305,430,520,661,824,940,1019,1519,1644,1755,1857,	MSKGILQVHPPICDCPGCRISSPVNRGRLADKRTVALPAARNLKKERTPSFSASDGDSDGSGPTCGRRPGLKQEDGPHIRIMKRRVHTHWDVNISFREASCSQDGNLPTLISSVHRSRHLVMPEHQSRCEFQRGSLEIGLRPAGDLLGKRLGRSPRISSDCFSEKRARSESPQAEALLLPRELGPSMAPEDHYRRLVSALSEASTFEDPQRLYHLGLPSHDLLRVRQEVAAAALRGPSGLEAHLPSSTAGQRRKQGLAQHREGAAPAAAPSFSERELPQPPPLLSPQNAPHVALGPHLRPPFLGVPSALCQTPGYGFLPPAQAEMFAWQQELLRKQNLARLELPADLLRQKELESARPQLLAPETALRPNDGAEELQRRGALLVLNHGAAPLLALPPQGPPGSGPPTPSRDSARRAPRKGGPGPASARPSESKEMTGARLWAQDGSEDEPPKDSDGEDPETAAVGCRGPTPGQAPAGGAGAEGKGLFPGSTLPLGFPYAVSPYFHTGAVGGLSMDGEEAPAPEDVTKWTVDDVCSFVGGLSGCGEYTRVFREQGIDGETLPLLTEEHLLTNMGLKLGPALKIRAQVRRWGVRSGSPDHSWAESSGWVCDSPHQAISLQVARRLGRVFYVASFPVALPLQPPTLRAPERELGTGEQPLSPTTATSPYGGGHALAGQTSPKQENGTLALLPGAPDPSQPLC		248956422	1998	0	0	0	2	Alignment of protein to transcript(s) annotated by UniProt: NM_001385640.1, NM_001385641.1, NM_152486.4	Q96NU1	SAM11_HUMAN	Unreviewed (TrEMBL)	Q96NU1, A2AA76, I7FV78, I7FV81, I7G0Z6, Q5SV96, Q5SV99, Q5SVA0, Q8N195, Q8TB59	Q96NU1-1, Q96NU1-2, Q96NU1-4, Q96NU1-5, Q96NU1-6	Sterile alpha motif domain-containing protein 11	SAM domain-containing protein 11			SAMD11		<ul><li>May play a role in photoreceptor development.</ul>	SAMD11	28706	NM_152486.2	NP_689699.2	148398	ENSG00000187634.13	ENSP00000342313.3	ENST00000342066.8	alternative isoform
chr1	925941	944150	Q96NU1-6	0	+	925941	944150	0,150,250	14	72,182,51,125,90,137,1,163,116,79,500,125,111,243	0,4213,5097,9830,13098,13333,13518,15202,16194,16468,16617,17311,17756,17966	0	1995	+	1995	0,72,254,305,430,520,657,658,821,937,1016,1516,1641,1752,	MSKGILQVHPPICDCPGCRISSPVNRGRLADKRTVALPAARNLKKERTPSFSASDGDSDGSGPTCGRRPGLKQEDGPHIRIMKRRVHTHWDVNISFREASCSQDGNLPTLISSVHRSRHLVMPEHQSRCEFQRGSLEIGLRPAGDLLGKRLGRSPRISSDCFSEKRARSESPQEALLLPRELGPSMAPEDHYRRLVSALSEASTFEDPQRLYHLGLPSHDLLRVRQEVAAAALRGPSGLEAHLPSSTAGQRRKQGLAQHREGAAPAAAPSFSERELPQPPPLLSPQNAPHVALGPHLRPPFLGVPSALCQTPGYGFLPPAQAEMFAWQQELLRKQNLARLELPADLLRQKELESARPQLLAPETALRPNDGAEELQRRGALLVLNHGAAPLLALPPQGPPGSGPPTPSRDSARRAPRKGGPGPASARPSESKEMTGARLWAQDGSEDEPPKDSDGEDPETAAVGCRGPTPGQAPAGGAGAEGKGLFPGSTLPLGFPYAVSPYFHTGAVGGLSMDGEEAPAPEDVTKWTVDDVCSFVGGLSGCGEYTRVFREQGIDGETLPLLTEEHLLTNMGLKLGPALKIRAQVARRLGRVFYVASFPVALPLQPPTLRAPERELGTGEQPLSPTTATSPYGGGHALAGQTSPKQENGTLALLPGAPDPSQPLC		248956422	1995	0	0	0	2	Alignment of protein to transcript(s) annotated by UniProt: NM_001385640.1, NM_001385641.1, NM_152486.4	Q96NU1	SAM11_HUMAN	Unreviewed (TrEMBL)	Q96NU1, A2AA76, I7FV78, I7FV81, I7G0Z6, Q5SV96, Q5SV99, Q5SVA0, Q8N195, Q8TB59	Q96NU1-1, Q96NU1-2, Q96NU1-4, Q96NU1-5, Q96NU1-6	Sterile alpha motif domain-containing protein 11	SAM domain-containing protein 11			SAMD11		<ul><li>May play a role in photoreceptor development.</ul>	SAMD11	28706	NM_152486.2	NP_689699.2	148398	ENSG00000187634.13	ENSP00000342313.3	ENST00000342066.8	alternative isoform
chr1	939309	944150	Q96NU1-1	0	+	939309	944150	0,150,250	9	102,1,163,116,79,500,125,111,243	0,150,1834,2826,3100,3249,3943,4388,4598	0	1440	+	1440	0,102,103,266,382,461,961,1086,1197,	MAPEDHYRRLVSALSEASTFEDPQRLYHLGLPSHDLLRVRQEVAAAALRGPSGLEAHLPSSTAGQRRKQGLAQHREGAAPAAAPSFSERELPQPPPLLSPQNAPHVALGPHLRPPFLGVPSALCQTPGYGFLPPAQAEMFAWQQELLRKQNLARLELPADLLRQKELESARPQLLAPETALRPNDGAEELQRRGALLVLNHGAAPLLALPPQGPPGSGPPTPSRDSARRAPRKGGPGPASARPSESKEMTGARLWAQDGSEDEPPKDSDGEDPETAAVGCRGPTPGQAPAGGAGAEGKGLFPGSTLPLGFPYAVSPYFHTGAVGGLSMDGEEAPAPEDVTKWTVDDVCSFVGGLSGCGEYTRVFREQGIDGETLPLLTEEHLLTNMGLKLGPALKIRAQVARRLGRVFYVASFPVALPLQPPTLRAPERELGTGEQPLSPTTATSPYGGGHALAGQTSPKQENGTLALLPGAPDPSQPLC		248956422	1440	0	0	0	2	Alignment of protein to transcript(s) annotated by UniProt: NM_001385640.1, NM_001385641.1, NM_152486.4	Q96NU1	SAM11_HUMAN	Unreviewed (TrEMBL)	Q96NU1, A2AA76, I7FV78, I7FV81, I7G0Z6, Q5SV96, Q5SV99, Q5SVA0, Q8N195, Q8TB59	Q96NU1-1, Q96NU1-2, Q96NU1-4, Q96NU1-5, Q96NU1-6	Sterile alpha motif domain-containing protein 11	SAM domain-containing protein 11			SAMD11		<ul><li>May play a role in photoreceptor development.</ul>	SAMD11	28706	NM_152486.2	NP_689699.2	148398	ENSG00000187634.13	ENSP00000342313.3	ENST00000342066.8	alternative isoform
chr1	939309	944150	Q96NU1-2	0	+	939309	944150	0,150,250	9	151,163,116,79,500,125,111,3,240	0,1834,2826,3100,3249,3943,4388,4598,4601	0	1587	+	1587	0,151,314,430,509,1009,1134,1245,1347,	MAPEDHYRRLVSALSEASTFEDPQRLYHLGLPSHGEDPPWHDPPHHLPSHDLLRVRQEVAAAALRGPSGLEAHLPSSTAGQRRKQGLAQHREGAAPAAAPSFSERELPQPPPLLSPQNAPHVALGPHLRPPFLGVPSALCQTPGYGFLPPAQAEMFAWQQELLRKQNLARLELPADLLRQKELESARPQLLAPETALRPNDGAEELQRRGALLVLNHGAAPLLALPPQGPPGSGPPTPSRDSARRAPRKGGPGPASARPSESKEMTGARLWAQDGSEDEPPKDSDGEDPETAAVGCRGPTPGQAPAGGAGAEGKGLFPGSTLPLGFPYAVSPYFHTGAVGGLSMDGEEAPAPEDVTKWTVDDVCSFVGGLSGCGEYTRVFREQGIDGETLPLLTEEHLLTNMGLKLGPALKIRAQVRRWGVRSGSPDHSWAESSGWVCDSPHQAISLQVARRLGRVFYVASFPVALPLQPPTLRAPERELGTGEQPLSPTTATSPYGGGHALAGQTSPKQENGTLALLPGAPDPSQPLC		248956422	1488	0	0	0	2	Alignment of protein to transcript(s) annotated by UniProt: NM_001385640.1, NM_001385641.1, NM_152486.4	Q96NU1	SAM11_HUMAN	Unreviewed (TrEMBL)	Q96NU1, A2AA76, I7FV78, I7FV81, I7G0Z6, Q5SV96, Q5SV99, Q5SVA0, Q8N195, Q8TB59	Q96NU1-1, Q96NU1-2, Q96NU1-4, Q96NU1-5, Q96NU1-6	Sterile alpha motif domain-containing protein 11	SAM domain-containing protein 11			SAMD11		<ul><li>May play a role in photoreceptor development.</ul>	SAMD11	28706	NM_152486.2	NP_689699.2	148398	ENSG00000187634.13	ENSP00000342313.3	ENST00000342066.8	alternative isoform
chr1	944696	959240	Q9Y3T9	1000	-	944696	959240	12,12,120	19	104,90,136,114,144,102,114,112,140,189,114,111,79,91,121,132,175,153,26	0,360,821,1476,1705,3434,3793,6430,7303,7715,8478,9085,9307,11226,11398,12197,12402,14232,14518	0	2247	+	2247	0,104,194,330,444,588,690,804,916,1056,1245,1359,1470,1549,1640,1761,1893,2068,2221,	MAAAGSRKRRLAELTVDEFLASGFDSESESESENSPQAETREAREAARSPDKPGGSPSASRRKGRASEHKDQLSRLKDRDPEFYKFLQENDQSLLNFSDSDSSEEEEGPFHSLPDVLEEASEEEDGAEEGEDGDRVPRGLKGKKNSVPVTVAMVERWKQAAKQRLTPKLFHEVVQAFRAAVATTRGDQESAEANKFQVTDSAAFNALVTFCIRDLIGCLQKLLFGKVAKDSSRMLQPSSSPLWGKLRVDIKAYLGSAIQLVSCLSETTVLAAVLRHISVLVPCFLTFPKQCRMLLKRMVIVWSTGEESLRVLAFLVLSRVCRHKKDTFLGPVLKQMYITYVRNCKFTSPGALPFISFMQWTLTELLALEPGVAYQHAFLYIRQLAIHLRNAMTTRKKETYQSVYNWQYVHCLFLWCRVLSTAGPSEALQPLVYPLAQVIIGCIKLIPTARFYPLRMHCIRALTLLSGSSGAFIPVLPFILEMFQQVDFNRKPGRMSSKPINFSVILKLSNVNLQEKAYRDGLVEQLYDLTLEYLHSQAHCIGFPELVLPVVLQLKSFLRECKVANYCRQVQQLLGKVQENSAYICSRRQRVSFGVSEQQAVEAWEKLTREEGTPLTLYYSHWRKLRDREIQLEISGKERLEDLNFPEIKRRKMADRKDEDRKQFKDLFDLNSSEEDDTEGFSERGILRPLSTRHGVEDDEEDEEEGEEDSSNSEDGDPDAEAGLAPGELQQLAQGPEDELEDLQLSEDD		248956422	2247	0	0	0	2	Alignment of protein to transcript(s) annotated by UniProt: NM_015658.4	Q9Y3T9	NOC2L_HUMAN	Manually reviewed (Swiss-Prot)	Q9Y3T9, Q5SVA3, Q9BTN6		Nucleolar complex protein 2 homolog	Protein NOC2 homolog	NOC2-like protein; Novel INHAT repressor		NOC2L	NIR	<ul><li>Acts as an inhibitor of histone acetyltransferase activity; prevents acetylation of all core histones by the EP300/p300 histone acetyltransferase at p53/TP53-regulated target promoters in a histone deacetylases (HDAC)-independent manner. Acts as a transcription corepressor of p53/TP53- and TP63-mediated transactivation of the p21/CDKN1A promoter. Involved in the regulation of p53/TP53-dependent apoptosis. Associates together with TP63 isoform TA*-gamma to the p21/CDKN1A promoter.</ul>	NOC2L	24517	NM_015658.3	NP_056473.2	26155	ENSG00000188976.11	ENSP00000317992.6	ENST00000327044.7	primary sequence
chr1	960693	965188	Q6TDP4	1000	+	960693	965188	12,12,120	12	107,260,122,222,117,214,145,168,89,74,182,226	0,599,935,1132,1661,2010,2415,2643,3226,3413,3655,4269	0	1926	+	1926	0,107,367,489,711,828,1042,1187,1355,1444,1518,1700,	MQPRSERPAGRTQSPEHGSPGPGPEAPPPPPPQPPAPEAERTRPRQARPAAPMEGAVQLLSREGHSVAHNSKRHYHDAFVAMSRMRQRGLLCDIVLHVAAKEIRAHKVVLASCSPYFHAMFTNEMSESRQTHVTLHDIDPQALDQLVQFAYTAEIVVGEGNVQTLLPAASLLQLNGVRDACCKFLLSQLDPSNCLGIRGFADAHSCSDLLKAAHRYVLQHFVDVAKTEEFMLLPLKQVLELVSSDSLNVPSEEEVYRAVLSWVKHDVDARRQHVPRLMKCVRLPLLSRDFLLGHVDAESLVRHHPDCKDLLIEALKFHLLPEQRGVLGTSRTRPRRCEGAGPVLFAVGGGSLFAIHGDCEAYDTRTDRWHVVASMSTRRARVGVAAVGNRLYAVGGYDGTSDLATVESYDPVTNTWQPEVSMGTRRSCLGVAALHGLLYSAGGYDGASCLNSAERYDPLTGTWTSVAAMSTRRRYVRVATLDGNLYAVGGYDSSSHLATVEKYEPQVNVWSPVASMLSRRSSAGVAVLEGALYVAGGNDGTSCLNSVERYSPKAGAWESVAPMNIRRSTHDLVAMDGWLYAVGGNDGSSSLNSIEKYNPRTNKWVAASCMFTRRSSVGVAVLELLNFPPPSSPTLSVSSTSL		248956422	1926	0	0	0	2	Alignment of protein to transcript(s) annotated by UniProt: NM_198317.3	Q6TDP4	KLH17_HUMAN	Manually reviewed (Swiss-Prot)	Q6TDP4, Q5SV94		Kelch-like protein 17	KLHL17	Actinfilin		KLHL17	AF	<ul><li>Substrate-recognition component of some cullin-RING-based BCR (BTB-CUL3-RBX1) E3 ubiquitin-protein ligase complexes. The BCR(KLHL17) complex mediates the ubiquitination and subsequent degradation of GLUR6. May play a role in the actin-based neuronal function (By similarity).</ul>	KLHL17	24023	NM_198317.2	NP_938073.1	339451	ENSG00000187961.15	ENSP00000343930.3	ENST00000338591.8	primary sequence
chr1	966531	974572	Q494U1-1	1000	+	966531	974572	12,12,120	16	83,100,147,81,75,126,96,81,76,137,150,141,141,219,49,131	0,172,3745,3989,4154,4349,4581,4792,5543,5756,6329,6654,6968,7301,7784,7910	0	1833	+	1833	0,83,183,330,411,486,612,708,789,865,1002,1152,1293,1434,1653,1702,	MGNSHCVPQAPRRLRASFSRKPSLKGNREDSARMSAGLPGPEAARSGDAAANKLFHYIPGTDILDLENQRENLEQPFLSVFKKGRRRVPVRNLGKVVHYAKVQLRFQHSQDVSDCYLELFPAHLYFQAHGSEGLTFQGLLPLTELSVCPLEGSREHAFQITGPLPAPLLVLCPSRAELDRWLYHLEKQTALLGGPRRCHSAPPQRRLTRLRTASGHEPGGSAVCASRVKLQHLPAQEQWDRLLVLYPTSLAIFSEELDGLCFKGELPLRAVHINLEEKEKQIRSFLIEGPLINTIRVVCASYEDYGHWLLCLRAVTHREGAPPLPGAESFPGSQVMGSGRGSLSSGGQTSWDSGCLAPPSTRTSHSLPESSVPSTVGCSSQHTPDQANSDRASIGRRRTELRRSGSSRSPGSKARAEGRGPVTPLHLDLTQLHRLSLESSPDAPDHTSETSHSPLYADPYTPPATSHRRVTDVRGLEEFLSAMQSARGPTPSSPLPSVPVSVPASDPRSCSSGPAGPYLLSKKGALQSRAAQRHRGSAKDGGPQPPDAPQLVSSAREGSPEPWLPLTDGRSPRRSRDPGYDHLWDETLSSSHQKCPQLGGPEASGGLVQWI		248956422	1833	0	0	0	2	Alignment of protein to transcript(s) annotated by UniProt: NM_001367552.1, NM_001410697.1, NM_032129.3, XM_017002474.2	Q494U1	PKHN1_HUMAN	Manually reviewed (Swiss-Prot)	Q494U1, Q494U2, Q5SV98, Q9H0M7	Q494U1-2, Q494U1-3	Pleckstrin homology domain-containing family N member 1	PH domain-containing family N member 1	Cardiolipin and phosphatidic acid-binding protein		PLEKHN1	CLPABP	<ul><li>Controls the stability of the leptin mRNA harboring an AU-rich element (ARE) in its 3' UTR, in cooperation with the RNA stabilizer ELAVL1 (PubMed:29180010). Decreases the stability of the leptin mRNA by antagonizing the function of ELAVL1 by inducing its atypical recruitment from the nucleus to the cytosol (By similarity). Binds to cardiolipin (CL), phosphatidic acid (PA), phosphatidylinositol 4-phosphate (PtdIns(4)P) and phosphatidylserine (PS) (PubMed:18191643). Promotes apoptosis by enhancing BAX-BAK hetero-oligomerization via interaction with BID in colon cancer cells (PubMed:29531808) (By similarity).</ul>	PLEKHN1	25284	NM_001160184.1, NM_032129.2	NP_115505.2, NP_001153656.1	84069	ENSG00000187583.11	ENSP00000368720.3, ENSP00000368719.2, ENSP00000368717.2	ENST00000379410.8, ENST00000379407.7, ENST00000379409.6	primary sequence
chr1	966531	974572	Q494U1-2	0	+	966531	974572	0,150,250	15	83,100,147,81,321,132,81,76,137,150,141,141,219,49,131	0,172,3745,3989,4154,4545,4792,5543,5756,6329,6654,6968,7301,7784,7910	0	1989	+	1989	0,83,183,330,411,732,864,945,1021,1158,1308,1449,1590,1809,1858,	MGNSHCVPQAPRRLRASFSRKPSLKGNREDSARMSAGLPGPEAARSGDAAANKLFHYIPGTDILDLENQRENLEQPFLSVFKKGRRRVPVRNLGKVVHYAKVQLRFQHSQDVSDCYLELFPAHLYFQAHGSEGLTFQGLLPLTELSVCPLEGSREHAFQITGVWDASRAPRGTPDPGLGEGPALWLRSTCVYVCALSALPAGPLPAPLLVLCPSRAELDRWLYHLEKQTALLGGPRRCHSAPPQGSCGDELPWTLQRRLTRLRTASGHEPGGSAVCASRVKLQHLPAQEQWDRLLVLYPTSLAIFSEELDGLCFKGELPLRAVHINLEEKEKQIRSFLIEGPLINTIRVVCASYEDYGHWLLCLRAVTHREGAPPLPGAESFPGSQVMGSGRGSLSSGGQTSWDSGCLAPPSTRTSHSLPESSVPSTVGCSSQHTPDQANSDRASIGRRRTELRRSGSSRSPGSKARAEGRGPVTPLHLDLTQLHRLSLESSPDAPDHTSETSHSPLYADPYTPPATSHRRVTDVRGLEEFLSAMQSARGPTPSSPLPSVPVSVPASDPRSCSSGPAGPYLLSKKGALQSRAAQRHRGSAKDGGPQPPDAPQLVSSAREGSPEPWLPLTDGRSPRRSRDPGYDHLWDETLSSSHQKCPQLGGPEASGGLVQWI		248956422	1989	0	0	0	2	Alignment of protein to transcript(s) annotated by UniProt: NM_001410697.1	Q494U1	PKHN1_HUMAN	Unreviewed (TrEMBL)	Q494U1, Q494U2, Q5SV98, Q9H0M7	Q494U1-2, Q494U1-3	Pleckstrin homology domain-containing family N member 1	PH domain-containing family N member 1	Cardiolipin and phosphatidic acid-binding protein		PLEKHN1	CLPABP	<ul><li>Controls the stability of the leptin mRNA harboring an AU-rich element (ARE) in its 3' UTR, in cooperation with the RNA stabilizer ELAVL1 (PubMed:29180010). Decreases the stability of the leptin mRNA by antagonizing the function of ELAVL1 by inducing its atypical recruitment from the nucleus to the cytosol (By similarity). Binds to cardiolipin (CL), phosphatidic acid (PA), phosphatidylinositol 4-phosphate (PtdIns(4)P) and phosphatidylserine (PS) (PubMed:18191643). Promotes apoptosis by enhancing BAX-BAK hetero-oligomerization via interaction with BID in colon cancer cells (PubMed:29531808) (By similarity).</ul>	PLEKHN1	25284	NM_001160184.1, NM_032129.2	NP_115505.2, NP_001153656.1	84069	ENSG00000187583.11	ENSP00000368720.3, ENSP00000368719.2, ENSP00000368717.2	ENST00000379410.8, ENST00000379407.7, ENST00000379409.6	alternative isoform
chr1	966531	974572	Q494U1-3	0	+	966531	974572	0,150,250	15	83,100,147,81,75,126,132,81,76,137,150,141,219,49,131	0,172,3745,3989,4154,4349,4545,4792,5543,5756,6329,6968,7301,7784,7910	0	1728	+	1728	0,83,183,330,411,486,612,744,825,901,1038,1188,1329,1548,1597,	MGNSHCVPQAPRRLRASFSRKPSLKGNREDSARMSAGLPGPEAARSGDAAANKLFHYIPGTDILDLENQRENLEQPFLSVFKKGRRRVPVRNLGKVVHYAKVQLRFQHSQDVSDCYLELFPAHLYFQAHGSEGLTFQGLLPLTELSVCPLEGSREHAFQITGPLPAPLLVLCPSRAELDRWLYHLEKQTALLGGPRRCHSAPPQGSCGDELPWTLQRRLTRLRTASGHEPGGSAVCASRVKLQHLPAQEQWDRLLVLYPTSLAIFSEELDGLCFKGELPLRAVHINLEEKEKQIRSFLIEGPLINTIRVVCASYEDYGHWLLCLRAVTHREGAPPLPGAESFPGSQVMGSGRGSLSSGGQTSWDSGCLAPPSTRTSHSLPESSVPSTVGCSSQHTPLHRLSLESSPDAPDHTSETSHSPLYADPYTPPATSHRRVTDVRGLEEFLSAMQSARGPTPSSPLPSVPVSVPASDPRSCSSGPAGPYLLSKKGALQSRAAQRHRGSAKDGGPQPPDAPQLVSSAREGSPEPWLPLTDGRSPRRSRDPGYDHLWDETLSSSHQKCPQLGGPEASGGLVQWI		248956422	1728	0	0	0	2	Alignment of protein to transcript(s) annotated by UniProt: NM_001160184.2, NM_001367552.1, NM_001410697.1, NM_032129.3, XM_017002474.2	Q494U1	PKHN1_HUMAN	Unreviewed (TrEMBL)	Q494U1, Q494U2, Q5SV98, Q9H0M7	Q494U1-2, Q494U1-3	Pleckstrin homology domain-containing family N member 1	PH domain-containing family N member 1	Cardiolipin and phosphatidic acid-binding protein		PLEKHN1	CLPABP	<ul><li>Controls the stability of the leptin mRNA harboring an AU-rich element (ARE) in its 3' UTR, in cooperation with the RNA stabilizer ELAVL1 (PubMed:29180010). Decreases the stability of the leptin mRNA by antagonizing the function of ELAVL1 by inducing its atypical recruitment from the nucleus to the cytosol (By similarity). Binds to cardiolipin (CL), phosphatidic acid (PA), phosphatidylinositol 4-phosphate (PtdIns(4)P) and phosphatidylserine (PS) (PubMed:18191643). Promotes apoptosis by enhancing BAX-BAK hetero-oligomerization via interaction with BID in colon cancer cells (PubMed:29531808) (By similarity).</ul>	PLEKHN1	25284	NM_001160184.1, NM_032129.2	NP_115505.2, NP_001153656.1	84069	ENSG00000187583.11	ENSP00000368720.3, ENSP00000368719.2, ENSP00000368717.2	ENST00000379410.8, ENST00000379407.7, ENST00000379409.6	alternative isoform
chr1	976174	976577	Q5SV97-2	0	-	976174	976577	0,150,250	2	95,79	0,324	0	174	+	174	0,95,	MCLVFVAFATWAVRTSDPHTPDAWKTALLANVGTISAIRYFRRQVGQGRRSHSPSPSS		248956422	174	0	0	0	2	Alignment of protein to transcript(s) annotated by UniProt: NM_001291366.2, NM_001291367.2, NM_001369897.1, NM_001394713.1	Q5SV97	PERM1_HUMAN	Unreviewed (TrEMBL)	Q5SV97, Q6ZVZ7, Q9BRF2, S5G239	Q5SV97-2, Q5SV97-3	PGC-1 and ERR-induced regulator in muscle protein 1	PERM1	PPARGC1 and ESRR-induced regulator in muscle 1; Peroxisome proliferator-activated receptor gamma coactivator 1 and estrogen-related receptor-induced regulator in muscle 1		PERM1	C1orf170	<ul><li>Regulates the expression of selective PPARGC1A/B and ESRRA/B/G target genes with roles in glucose and lipid metabolism, energy transfer, contractile function, muscle mitochondrial biogenesis and oxidative capacity. Required for the efficient induction of MT-CO2, MT-CO3, COX4I1, TFB1M, TFB2M, POLRMT and SIRT3 by PPARGC1A. Positively regulates the PPARGC1A/ESRRG-induced expression of CKMT2, TNNI3 and SLC2A4 and negatively regulates the PPARGC1A/ESRRG-induced expression of PDK4.</ul>	PERM1	28208	NM_001291367.1, NM_001291366.1, XM_017002584.1, XM_017002583.1	NP_001278295.1, XP_016858072.1, XP_016858073.1, NP_001278296.1	84808	ENSG00000187642.10	ENSP00000511592.1, ENSP00000343864.2, ENSP00000414022.3	ENST00000341290.6, ENST00000433179.4, ENST00000694917.1	alternative isoform
chr1	976174	981029	Q5SV97-1	1000	-	976174	981029	12,12,120	3	95,126,2149	0,324,2706	0	2370	+	2370	0,95,221,	MENFQYSVQLSDQDWAEFSATADECGLLQAGLASGDELLSSDIDQGDSSGSSPPRAPPLPTGQLAAGGRSRRGCEEEDVATQQPVSRSQGEPVLALGTGQQTPSTSARAEAPPSLGPGASPPSQFSSCPGPASSGDQMQRLLQGPAPRPPGEPPGSPKSPGHSTGSQRPPDSPGAPPRSPSRKKRRAVGAKGGGHTGASASAQTGSPLLPAASPETAKLMAKAGQEELGPGPAGAPEPGPRSPVQEDRPGPGLGLSTPVPVTEQGTDQIRTPRRAKLHTVSTTVWEALPDVSRAKSDMAVSTPASEPQPDRDMAVSTPASEPQSDRDMAVSTPASEPQPDTDMAVSTPASEPQPDRDMAVSIPASKPQSDTAVSTPASEPQSSVALSTPISKPQLDTDVAVSTPASKHGLDVALPTAGPVAKLEVASSPPVSEAVPRMTESSGLVSTPVPRADAAGLAWPPTRRAGPDVVEMEAVVSEPSAGAPGCCSGAPALGLTQVPRKKKVRFSVAGPSPNKPGSGQASARPSAPQTATGAHGGPGAWEAVAVGPRPHQPRILKHLPRPPPSAVTRVGPGSSFAVTLPEAYEFFFCDTIEENEEAEAAAAGQDPAGVQWPDMCEFFFPDVGAQRSRRRGSPEPLPRADPVPAPIPGDPVPISIPEVYEHFFFGEDRLEGVLGPAVPLPLQALEPPRSASEGAGPGTPLKPAVVERLHLALRRAGELRGPVPSFAFSQNDMCLVFVAFATWAVRTSDPHTPDAWKTALLANVGTISAIRYFRRQVGQGRRSHSPSPSS		248956422	2370	0	0	0	2	Alignment of protein to transcript(s) annotated by UniProt: NM_001291366.2, NM_001369897.1, NM_001369898.1, NM_001394713.1	Q5SV97	PERM1_HUMAN	Manually reviewed (Swiss-Prot)	Q5SV97, Q6ZVZ7, Q9BRF2, S5G239	Q5SV97-2, Q5SV97-3	PGC-1 and ERR-induced regulator in muscle protein 1	PERM1	PPARGC1 and ESRR-induced regulator in muscle 1; Peroxisome proliferator-activated receptor gamma coactivator 1 and estrogen-related receptor-induced regulator in muscle 1		PERM1	C1orf170	<ul><li>Regulates the expression of selective PPARGC1A/B and ESRRA/B/G target genes with roles in glucose and lipid metabolism, energy transfer, contractile function, muscle mitochondrial biogenesis and oxidative capacity. Required for the efficient induction of MT-CO2, MT-CO3, COX4I1, TFB1M, TFB2M, POLRMT and SIRT3 by PPARGC1A. Positively regulates the PPARGC1A/ESRRG-induced expression of CKMT2, TNNI3 and SLC2A4 and negatively regulates the PPARGC1A/ESRRG-induced expression of PDK4.</ul>	PERM1	28208	NM_001291367.1, NM_001291366.1, XM_017002584.1, XM_017002583.1	NP_001278295.1, XP_016858072.1, XP_016858073.1, NP_001278296.1	84808	ENSG00000187642.10	ENSP00000511592.1, ENSP00000343864.2, ENSP00000414022.3	ENST00000341290.6, ENST00000433179.4, ENST00000694917.1	primary sequence
chr1	976174	981166	Q5SV97-3	0	-	976174	981166	0,150,250	4	95,126,1777,30	0,324,2706,4962	0	2028	+	2028	0,95,221,1998,	MEPRGGGSSQFSSCPGPASSGDQMQRLLQGPAPRPPGEPPGSPKSPGHSTGSQRPPDSPGAPPRSPSRKKRRAVGAKGGGHTGASASAQTGSPLLPAASPETAKLMAKAGQEELGPGPAGAPEPGPRSPVQEDRPGPGLGLSTPVPVTEQGTDQIRTPRRAKLHTVSTTVWEALPDVSRAKSDMAVSTPASEPQPDRDMAVSTPASEPQSDRDMAVSTPASEPQPDTDMAVSTPASEPQPDRDMAVSIPASKPQSDTAVSTPASEPQSSVALSTPISKPQLDTDVAVSTPASKHGLDVALPTAGPVAKLEVASSPPVSEAVPRMTESSGLVSTPVPRADAAGLAWPPTRRAGPDVVEMEAVVSEPSAGAPGCCSGAPALGLTQVPRKKKVRFSVAGPSPNKPGSGQASARPSAPQTATGAHGGPGAWEAVAVGPRPHQPRILKHLPRPPPSAVTRVGPGSSFAVTLPEAYEFFFCDTIEENEEAEAAAAGQDPAGVQWPDMCEFFFPDVGAQRSRRRGSPEPLPRADPVPAPIPGDPVPISIPEVYEHFFFGEDRLEGVLGPAVPLPLQALEPPRSASEGAGPGTPLKPAVVERLHLALRRAGELRGPVPSFAFSQNDMCLVFVAFATWAVRTSDPHTPDAWKTALLANVGTISAIRYFRRQVGQGRRSHSPSPSS		248956422	2028	0	0	0	2	Alignment of protein to transcript(s) annotated by UniProt: NM_001291367.2	Q5SV97	PERM1_HUMAN	Unreviewed (TrEMBL)	Q5SV97, Q6ZVZ7, Q9BRF2, S5G239	Q5SV97-2, Q5SV97-3	PGC-1 and ERR-induced regulator in muscle protein 1	PERM1	PPARGC1 and ESRR-induced regulator in muscle 1; Peroxisome proliferator-activated receptor gamma coactivator 1 and estrogen-related receptor-induced regulator in muscle 1		PERM1	C1orf170	<ul><li>Regulates the expression of selective PPARGC1A/B and ESRRA/B/G target genes with roles in glucose and lipid metabolism, energy transfer, contractile function, muscle mitochondrial biogenesis and oxidative capacity. Required for the efficient induction of MT-CO2, MT-CO3, COX4I1, TFB1M, TFB2M, POLRMT and SIRT3 by PPARGC1A. Positively regulates the PPARGC1A/ESRRG-induced expression of CKMT2, TNNI3 and SLC2A4 and negatively regulates the PPARGC1A/ESRRG-induced expression of PDK4.</ul>	PERM1	28208	NM_001291367.1, NM_001291366.1, XM_017002584.1, XM_017002583.1	NP_001278295.1, XP_016858072.1, XP_016858073.1, NP_001278296.1	84808	ENSG00000187642.10	ENSP00000511592.1, ENSP00000343864.2, ENSP00000414022.3	ENST00000341290.6, ENST00000433179.4, ENST00000694917.1	alternative isoform
chr1	999061	999973	Q9HCC6	1000	-	999061	999973	12,12,120	4	371,88,96,108	0,464,630,804	0	663	+	663	0,371,459,555,	MAADTPGKPSASPMAGAPASASRTPDKPRSAAEHRKSSKPVMEKRRRARINESLAQLKTLILDALRKESSRHSKLEKADILEMTVRHLRSLRRVQVTAALSADPAVLGKYRAGFHECLAEVNRFLAGCEGVPADVRSRLLGHLAACLRQLGPSRRPASLSPAAPAEAPAPEVYAGRPLLPSLGGPFPLLAPPLLPGLTRALPAAPRAGPQGPGGPWRPWLR		248956422	663	0	0	0	2	Alignment of protein to transcript(s) annotated by UniProt: NM_001142467.2, NM_021170.4	Q9HCC6	HES4_HUMAN	Manually reviewed (Swiss-Prot)	Q9HCC6, Q5SVA5		Transcription factor HES-4	hHES4	Class B basic helix-loop-helix protein 42; Hairy and enhancer of split 4; bHLH factor Hes4	bHLHb42	HES4	BHLHB42	<ul><li>Transcriptional repressor. Binds DNA on N-box motifs: 5'-CACNAG-3' (By similarity).</ul>	HES4	24149	NM_001142467.1, NM_021170.3	NP_066993.1, NP_001135939.1	57801	ENSG00000188290.11	ENSP00000304595.7	ENST00000304952.11	primary sequence
chr1	1013573	1014475	P05161	1000	+	1013573	1014475	12,12,120	2	3,492	0,410	0	495	+	495	0,3,	MGWDLTVKMLAGNEFQVSLSSSMSVSELKAQITQKIGVHAFQQRLAVHPSGVALQDRVPLASQGLGPGSTVLLVVDKCDEPLSILVRNNKGRSSTYEVRLTQTVAHLKQQVSGLEGVQDDLFWLTFEGKPLEDQLPLGEYGLKPLSTVFMNLRLRGGGTEPGGRS		248956422	495	0	0	0	2	Alignment of protein to transcript(s) annotated by UniProt: NM_005101.4	P05161	ISG15_HUMAN	Manually reviewed (Swiss-Prot)	P05161, Q5SVA4, Q7Z2G2, Q96GF0		Ubiquitin-like protein ISG15	ISG15	Interferon-induced 15 kDa protein; Interferon-induced 17 kDa protein; Ubiquitin cross-reactive protein	IP17; hUCRP	ISG15	G1P2; UCRP	<ul><li>Ubiquitin-like protein which plays a key role in the innate immune response to viral infection either via its conjugation to a target protein (ISGylation) or via its action as a free or unconjugated protein. ISGylation involves a cascade of enzymatic reactions involving E1, E2, and E3 enzymes which catalyze the conjugation of ISG15 to a lysine residue in the target protein (PubMed:33727702). Its target proteins include IFIT1, MX1/MxA, PPM1B, UBE2L6, UBA7, CHMP5, CHMP2A, CHMP4B and CHMP6. Isgylation of the viral sensor IFIH1/MDA5 promotes IFIH1/MDA5 oligomerization and triggers activation of innate immunity against a range of viruses, including coronaviruses, flaviviruses and picornaviruses (PubMed:33727702). Can also isgylate: EIF2AK2/PKR which results in its activation, RIGI which inhibits its function in antiviral signaling response, EIF4E2 which enhances its cap structure-binding activity and translation-inhibition activity, UBE2N and UBE2E1 which negatively regulates their activity, IRF3 which inhibits its ubiquitination and degradation and FLNB which prevents its ability to interact with the upstream activators of the JNK cascade thereby inhibiting IFNA-induced JNK signaling. Exhibits antiviral activity towards both DNA and RNA viruses, including influenza A, HIV-1 and Ebola virus. Restricts HIV-1 and ebola virus via disruption of viral budding. Inhibits the ubiquitination of HIV-1 Gag and host TSG101 and disrupts their interaction, thereby preventing assembly and release of virions from infected cells. Inhibits Ebola virus budding mediated by the VP40 protein by disrupting ubiquitin ligase activity of NEDD4 and its ability to ubiquitinate VP40. ISGylates influenza A virus NS1 protein which causes a loss of function of the protein and the inhibition of virus replication. The secreted form of ISG15 can: induce natural killer cell proliferation, act as a chemotactic factor for neutrophils and act as a IFN-gamma-inducing cytokine playing an essential role in antimycobacterial immunity. The secreted form acts through the integrin ITGAL/ITGB2 receptor to initiate activation of SRC family tyrosine kinases including LYN, HCK and FGR which leads to secretion of IFNG and IL10; the interaction is mediated by ITGAL (PubMed:29100055).</ul>	ISG15	4053	NM_005101.3	NP_005092.1	9636	ENSG00000187608.10	ENSP00000496832.1	ENST00000649529.1	primary sequence
chr1	1020172	1054978	O00468-1	1000	+	1020172	1054978	12,12,120	39	201,262,48,216,225,225,207,219,195,201,149,106,117,165,144,125,106,339,138,128,115,120,354,193,216,230,135,97,165,112,12,117,193,88,24,33,225,104,155	0,2028,15104,20492,21000,21305,21783,23066,23365,23650,23936,24161,24988,25186,25560,25791,25987,26224,26647,27154,27400,27603,27839,28694,29063,29393,29730,30060,30254,30553,30859,31080,31280,31555,31820,33288,33580,34275,34651	0	6204	+	6204	0,201,463,511,727,952,1177,1384,1603,1798,1999,2148,2254,2371,2536,2680,2805,2911,3250,3388,3516,3631,3751,4105,4298,4514,4744,4879,4976,5141,5253,5265,5382,5575,5663,5687,5720,5945,6049,	MAGRSHPGPLRPLLPLLVVAACVLPGAGGTCPERALERREEEANVVLTGTVEEILNVDPVQHTYSCKVRVWRYLKGKDLVARESLLDGGNKVVISGFGDPLICDNQVSTGDTRIFFVNPAPPYLWPAHKNELMLNSSLMRITLRNLEEVEFCVEDKPGTHFTPVPPTPPDACRGMLCGFGAVCEPNAEGPGRASCVCKKSPCPSVVAPVCGSDASTYSNECELQRAQCSQQRRIRLLSRGPCGSRDPCSNVTCSFGSTCARSADGLTASCLCPATCRGAPEGTVCGSDGADYPGECQLLRRACARQENVFKKFDGPCDPCQGALPDPSRSCRVNPRTRRPEMLLRPESCPARQAPVCGDDGVTYENDCVMGRSGAARGLLLQKVRSGQCQGRDQCPEPCRFNAVCLSRRGRPRCSCDRVTCDGAYRPVCAQDGRTYDSDCWRQQAECRQQRAIPSKHQGPCDQAPSPCLGVQCAFGATCAVKNGQAACECLQACSSLYDPVCGSDGVTYGSACELEATACTLGREIQVARKGPCDRCGQCRFGALCEAETGRCVCPSECVALAQPVCGSDGHTYPSECMLHVHACTHQISLHVASAGPCETCGDAVCAFGAVCSAGQCVCPRCEHPPPGPVCGSDGVTYGSACELREAACLQQTQIEEARAGPCEQAECGSGGSGSGEDGDCEQELCRQRGGIWDEDSEDGPCVCDFSCQSVPGSPVCGSDGVTYSTECELKKARCESQRGLYVAAQGACRGPTFAPLPPVAPLHCAQTPYGCCQDNITAARGVGLAGCPSACQCNPHGSYGGTCDPATGQCSCRPGVGGLRCDRCEPGFWNFRGIVTDGRSGCTPCSCDPQGAVRDDCEQMTGLCSCKPGVAGPKCGQCPDGRALGPAGCEADASAPATCAEMRCEFGARCVEESGSAHCVCPMLTCPEANATKVCGSDGVTYGNECQLKTIACRQGLQISIQSLGPCQEAVAPSTHPTSASVTVTTPGLLLSQALPAPPGALPLAPSSTAHSQTTPPPSSRPRTTASVPRTTVWPVLTVPPTAPSPAPSLVASAFGESGSTDGSSDEELSGDQEASGGGSGGLEPLEGSSVATPGPPVERASCYNSALGCCSDGKTPSLDAEGSNCPATKVFQGVLELEGVEGQELFYTPEMADPKSELFGETARSIESTLDDLFRNSDVKKDFRSVRLRDLGPGKSVRAIVDVHFDPTTAFRAPDVARALLRQIQVSRRRSLGVRRPLQEHVRFMDFDWFPAFITGATSGAIAAGATARATTASRLPSSAVTPRAPHPSHTSQPVAKTTAAPTTRRPPTTAPSRVPGRRPPAPQQPPKPCDSQPCFHGGTCQDWALGGGFTCSCPAGRGGAVCEKVLGAPVPAFEGRSFLAFPTLRAYHTLRLALEFRALEPQGLLLYNGNARGKDFLALALLDGRVQLRFDTGSGPAVLTSAVPVEPGQWHRLELSRHWRRGTLSVDGETPVLGESPSGTDGLNLDTDLFVGGVPEDQAAVALERTFVGAGLRGCIRLLDVNNQRLELGIGPGAATRGSGVGECGDHPCLPNPCHGGAPCQNLEAGRFHCQCPPGRVGPTCADEKSPCQPNPCHGAAPCRVLPEGGAQCECPLGREGTFCQTASGQDGSGPFLADFNGFSHLELRGLHTFARDLGEKMALEVVFLARGPSGLLLYNGQKTDGKGDFVSLALRDRRLEFRYDLGKGAAVIRSREPVTLGAWTRVSLERNGRKGALRVGDGPRVLGESPKSRKVPHTVLNLKEPLYVGGAPDFSKLARAAAVSSGFDGAIQLVSLGGRQLLTPEHVLRQVDVTSFAGHPCTRASGHPCLNGASCVPREAAYVCLCPGGFSGPHCEKGLVEKSAGDVDTLAFDGRTFVEYLNAVTESELANEIPVPETLDSGALHSEKALQSNHFELSLRTEATQGLVLWSGKATERADYVALAIVDGHLQLSYNLGSQPVVLRSTVPVNTNRWLRVVAHREQREGSLQVGNEAPVTGSSPLGATQLDTDGALWLGGLPELPVGPALPKAYGTGFVGCLRDVVVGRHPLHLLEDAVTKPELRPCPTP		248956422	6204	0	0	0	2	Alignment of protein to transcript(s) annotated by UniProt: NM_001305275.2, NM_198576.4, XM_005244749.4	O00468	AGRIN_HUMAN	Manually reviewed (Swiss-Prot)	O00468, Q5SVA1, Q5SVA2, Q60FE1, Q7KYS8, Q8N4J5, Q96IC1, Q9BTD4	O00468-2, O00468-3, O00468-4, O00468-5, O00468-6, O00468-7	Agrin	AGRN			AGRN	AGRIN	<ul><li>Molecule 'Isoform 1': Heparan sulfate basal lamina glycoprotein that plays a central role in the formation and the maintenance of the neuromuscular junction (NMJ) and directs key events in postsynaptic differentiation. Component of the AGRN-LRP4 receptor complex that induces the phosphorylation and activation of MUSK. The activation of MUSK in myotubes induces the formation of NMJ by regulating different processes including the transcription of specific genes and the clustering of AChR in the postsynaptic membrane. Calcium ions are required for maximal AChR clustering. AGRN function in neurons is highly regulated by alternative splicing, glycan binding and proteolytic processing. Modulates calcium ion homeostasis in neurons, specifically by inducing an increase in cytoplasmic calcium ions. Functions differentially in the central nervous system (CNS) by inhibiting the alpha(3)-subtype of Na+/K+-ATPase and evoking depolarization at CNS synapses. This secreted isoform forms a bridge, after release from motor neurons, to basal lamina through binding laminin via the NtA domain.<li>Molecule 'Isoform 2': Transmembrane form that is the predominate form in neurons of the brain, induces dendritic filopodia and synapse formation in mature hippocampal neurons in large part due to the attached glycosaminoglycan chains and the action of Rho-family GTPases.<li>Isoform 1, isoform 4 and isoform 5: neuron-specific (z+) isoforms that contain C-terminal insertions of 8-19 AA are potent activators of AChR clustering. Isoform 5, agrin (z+8), containing the 8-AA insert, forms a receptor complex in myotubules containing the neuronal AGRN, the muscle-specific kinase MUSK and LRP4, a member of the LDL receptor family. The splicing factors, NOVA1 and NOVA2, regulate AGRN splicing and production of the 'z' isoforms.<li>Isoform 3 and isoform 6: lack any 'z' insert, are muscle-specific and may be involved in endothelial cell differentiation.<li>Molecule 'Agrin N-terminal 110 kDa subunit': Is involved in regulation of neurite outgrowth probably due to the presence of the glycosaminoglcan (GAG) side chains of heparan and chondroitin sulfate attached to the Ser/Thr- and Gly/Ser-rich regions. Also involved in modulation of growth factor signaling (By similarity).<li>Molecule 'Agrin C-terminal 22 kDa fragment': This released fragment is important for agrin signaling and to exert a maximal dendritic filopodia-inducing effect. All 'z' splice variants (z+) of this fragment also show an increase in the number of filopodia.</ul>	AGRN	329	NM_001305275.1, XM_005244749.3, NM_198576.3	NP_940978.2, NP_001292204.1, XP_005244806.1	375790	ENSG00000188157.15	ENSP00000368678.2	ENST00000379370.7	primary sequence
chr1	1020172	1054978	O00468-3	0	+	1020172	1054978	0,150,250	38	201,262,48,216,225,225,207,219,195,201,149,106,117,165,144,125,106,339,138,128,115,120,354,193,216,230,135,97,165,112,12,117,193,86,2,225,104,155	0,2028,15104,20492,21000,21305,21783,23066,23365,23650,23936,24161,24988,25186,25560,25791,25987,26224,26647,27154,27400,27603,27839,28694,29063,29393,29730,30060,30254,30553,30859,31080,31280,31555,33319,33580,34275,34651	0	6147	+	6147	0,201,463,511,727,952,1177,1384,1603,1798,1999,2148,2254,2371,2536,2680,2805,2911,3250,3388,3516,3631,3751,4105,4298,4514,4744,4879,4976,5141,5253,5265,5382,5575,5661,5663,5888,5992,	MAGRSHPGPLRPLLPLLVVAACVLPGAGGTCPERALERREEEANVVLTGTVEEILNVDPVQHTYSCKVRVWRYLKGKDLVARESLLDGGNKVVISGFGDPLICDNQVSTGDTRIFFVNPAPPYLWPAHKNELMLNSSLMRITLRNLEEVEFCVEDKPGTHFTPVPPTPPDACRGMLCGFGAVCEPNAEGPGRASCVCKKSPCPSVVAPVCGSDASTYSNECELQRAQCSQQRRIRLLSRGPCGSRDPCSNVTCSFGSTCARSADGLTASCLCPATCRGAPEGTVCGSDGADYPGECQLLRRACARQENVFKKFDGPCDPCQGALPDPSRSCRVNPRTRRPEMLLRPESCPARQAPVCGDDGVTYENDCVMGRSGAARGLLLQKVRSGQCQGRDQCPEPCRFNAVCLSRRGRPRCSCDRVTCDGAYRPVCAQDGRTYDSDCWRQQAECRQQRAIPSKHQGPCDQAPSPCLGVQCAFGATCAVKNGQAACECLQACSSLYDPVCGSDGVTYGSACELEATACTLGREIQVARKGPCDRCGQCRFGALCEAETGRCVCPSECVALAQPVCGSDGHTYPSECMLHVHACTHQISLHVASAGPCETCGDAVCAFGAVCSAGQCVCPRCEHPPPGPVCGSDGVTYGSACELREAACLQQTQIEEARAGPCEQAECGSGGSGSGEDGDCEQELCRQRGGIWDEDSEDGPCVCDFSCQSVPGSPVCGSDGVTYSTECELKKARCESQRGLYVAAQGACRGPTFAPLPPVAPLHCAQTPYGCCQDNITAARGVGLAGCPSACQCNPHGSYGGTCDPATGQCSCRPGVGGLRCDRCEPGFWNFRGIVTDGRSGCTPCSCDPQGAVRDDCEQMTGLCSCKPGVAGPKCGQCPDGRALGPAGCEADASAPATCAEMRCEFGARCVEESGSAHCVCPMLTCPEANATKVCGSDGVTYGNECQLKTIACRQGLQISIQSLGPCQEAVAPSTHPTSASVTVTTPGLLLSQALPAPPGALPLAPSSTAHSQTTPPPSSRPRTTASVPRTTVWPVLTVPPTAPSPAPSLVASAFGESGSTDGSSDEELSGDQEASGGGSGGLEPLEGSSVATPGPPVERASCYNSALGCCSDGKTPSLDAEGSNCPATKVFQGVLELEGVEGQELFYTPEMADPKSELFGETARSIESTLDDLFRNSDVKKDFRSVRLRDLGPGKSVRAIVDVHFDPTTAFRAPDVARALLRQIQVSRRRSLGVRRPLQEHVRFMDFDWFPAFITGATSGAIAAGATARATTASRLPSSAVTPRAPHPSHTSQPVAKTTAAPTTRRPPTTAPSRVPGRRPPAPQQPPKPCDSQPCFHGGTCQDWALGGGFTCSCPAGRGGAVCEKVLGAPVPAFEGRSFLAFPTLRAYHTLRLALEFRALEPQGLLLYNGNARGKDFLALALLDGRVQLRFDTGSGPAVLTSAVPVEPGQWHRLELSRHWRRGTLSVDGETPVLGESPSGTDGLNLDTDLFVGGVPEDQAAVALERTFVGAGLRGCIRLLDVNNQRLELGIGPGAATRGSGVGECGDHPCLPNPCHGGAPCQNLEAGRFHCQCPPGRVGPTCADEKSPCQPNPCHGAAPCRVLPEGGAQCECPLGREGTFCQTASGQDGSGPFLADFNGFSHLELRGLHTFARDLGEKMALEVVFLARGPSGLLLYNGQKTDGKGDFVSLALRDRRLEFRYDLGKGAAVIRSREPVTLGAWTRVSLERNGRKGALRVGDGPRVLGESPKSRKVPHTVLNLKEPLYVGGAPDFSKLARAAAVSSGFDGAIQLVSLGGRQLLTPEHVLRQVDVTSFAGHPCTRASGHPCLNGASCVPREAAYVCLCPGGFSGPHCEKGLVEKSAGDVDTLAFDGRTFVEYLNAVTESEKALQSNHFELSLRTEATQGLVLWSGKATERADYVALAIVDGHLQLSYNLGSQPVVLRSTVPVNTNRWLRVVAHREQREGSLQVGNEAPVTGSSPLGATQLDTDGALWLGGLPELPVGPALPKAYGTGFVGCLRDVVVGRHPLHLLEDAVTKPELRPCPTP		248956422	6147	0	0	0	2	Alignment of protein to transcript(s) annotated by UniProt: NM_001305275.2, NM_198576.4, XM_005244749.4	O00468	AGRIN_HUMAN	Unreviewed (TrEMBL)	O00468, Q5SVA1, Q5SVA2, Q60FE1, Q7KYS8, Q8N4J5, Q96IC1, Q9BTD4	O00468-2, O00468-3, O00468-4, O00468-5, O00468-6, O00468-7	Agrin	AGRN			AGRN	AGRIN	<ul><li>Molecule 'Isoform 1': Heparan sulfate basal lamina glycoprotein that plays a central role in the formation and the maintenance of the neuromuscular junction (NMJ) and directs key events in postsynaptic differentiation. Component of the AGRN-LRP4 receptor complex that induces the phosphorylation and activation of MUSK. The activation of MUSK in myotubes induces the formation of NMJ by regulating different processes including the transcription of specific genes and the clustering of AChR in the postsynaptic membrane. Calcium ions are required for maximal AChR clustering. AGRN function in neurons is highly regulated by alternative splicing, glycan binding and proteolytic processing. Modulates calcium ion homeostasis in neurons, specifically by inducing an increase in cytoplasmic calcium ions. Functions differentially in the central nervous system (CNS) by inhibiting the alpha(3)-subtype of Na+/K+-ATPase and evoking depolarization at CNS synapses. This secreted isoform forms a bridge, after release from motor neurons, to basal lamina through binding laminin via the NtA domain.<li>Molecule 'Isoform 2': Transmembrane form that is the predominate form in neurons of the brain, induces dendritic filopodia and synapse formation in mature hippocampal neurons in large part due to the attached glycosaminoglycan chains and the action of Rho-family GTPases.<li>Isoform 1, isoform 4 and isoform 5: neuron-specific (z+) isoforms that contain C-terminal insertions of 8-19 AA are potent activators of AChR clustering. Isoform 5, agrin (z+8), containing the 8-AA insert, forms a receptor complex in myotubules containing the neuronal AGRN, the muscle-specific kinase MUSK and LRP4, a member of the LDL receptor family. The splicing factors, NOVA1 and NOVA2, regulate AGRN splicing and production of the 'z' isoforms.<li>Isoform 3 and isoform 6: lack any 'z' insert, are muscle-specific and may be involved in endothelial cell differentiation.<li>Molecule 'Agrin N-terminal 110 kDa subunit': Is involved in regulation of neurite outgrowth probably due to the presence of the glycosaminoglcan (GAG) side chains of heparan and chondroitin sulfate attached to the Ser/Thr- and Gly/Ser-rich regions. Also involved in modulation of growth factor signaling (By similarity).<li>Molecule 'Agrin C-terminal 22 kDa fragment': This released fragment is important for agrin signaling and to exert a maximal dendritic filopodia-inducing effect. All 'z' splice variants (z+) of this fragment also show an increase in the number of filopodia.</ul>	AGRN	329	NM_001305275.1, XM_005244749.3, NM_198576.3	NP_940978.2, NP_001292204.1, XP_005244806.1	375790	ENSG00000188157.15	ENSP00000368678.2	ENST00000379370.7	alternative isoform
chr1	1020172	1054978	O00468-4	0	+	1020172	1054978	0,150,250	39	201,262,48,216,225,225,207,219,195,201,149,106,117,165,144,125,106,339,138,128,115,120,354,193,216,230,135,97,165,112,12,117,193,88,1,32,225,104,155	0,2028,15104,20492,21000,21305,21783,23066,23365,23650,23936,24161,24988,25186,25560,25791,25987,26224,26647,27154,27400,27603,27839,28694,29063,29393,29730,30060,30254,30553,30859,31080,31280,31555,31820,33289,33580,34275,34651	0	6180	+	6180	0,201,463,511,727,952,1177,1384,1603,1798,1999,2148,2254,2371,2536,2680,2805,2911,3250,3388,3516,3631,3751,4105,4298,4514,4744,4879,4976,5141,5253,5265,5382,5575,5663,5664,5696,5921,6025,	MAGRSHPGPLRPLLPLLVVAACVLPGAGGTCPERALERREEEANVVLTGTVEEILNVDPVQHTYSCKVRVWRYLKGKDLVARESLLDGGNKVVISGFGDPLICDNQVSTGDTRIFFVNPAPPYLWPAHKNELMLNSSLMRITLRNLEEVEFCVEDKPGTHFTPVPPTPPDACRGMLCGFGAVCEPNAEGPGRASCVCKKSPCPSVVAPVCGSDASTYSNECELQRAQCSQQRRIRLLSRGPCGSRDPCSNVTCSFGSTCARSADGLTASCLCPATCRGAPEGTVCGSDGADYPGECQLLRRACARQENVFKKFDGPCDPCQGALPDPSRSCRVNPRTRRPEMLLRPESCPARQAPVCGDDGVTYENDCVMGRSGAARGLLLQKVRSGQCQGRDQCPEPCRFNAVCLSRRGRPRCSCDRVTCDGAYRPVCAQDGRTYDSDCWRQQAECRQQRAIPSKHQGPCDQAPSPCLGVQCAFGATCAVKNGQAACECLQACSSLYDPVCGSDGVTYGSACELEATACTLGREIQVARKGPCDRCGQCRFGALCEAETGRCVCPSECVALAQPVCGSDGHTYPSECMLHVHACTHQISLHVASAGPCETCGDAVCAFGAVCSAGQCVCPRCEHPPPGPVCGSDGVTYGSACELREAACLQQTQIEEARAGPCEQAECGSGGSGSGEDGDCEQELCRQRGGIWDEDSEDGPCVCDFSCQSVPGSPVCGSDGVTYSTECELKKARCESQRGLYVAAQGACRGPTFAPLPPVAPLHCAQTPYGCCQDNITAARGVGLAGCPSACQCNPHGSYGGTCDPATGQCSCRPGVGGLRCDRCEPGFWNFRGIVTDGRSGCTPCSCDPQGAVRDDCEQMTGLCSCKPGVAGPKCGQCPDGRALGPAGCEADASAPATCAEMRCEFGARCVEESGSAHCVCPMLTCPEANATKVCGSDGVTYGNECQLKTIACRQGLQISIQSLGPCQEAVAPSTHPTSASVTVTTPGLLLSQALPAPPGALPLAPSSTAHSQTTPPPSSRPRTTASVPRTTVWPVLTVPPTAPSPAPSLVASAFGESGSTDGSSDEELSGDQEASGGGSGGLEPLEGSSVATPGPPVERASCYNSALGCCSDGKTPSLDAEGSNCPATKVFQGVLELEGVEGQELFYTPEMADPKSELFGETARSIESTLDDLFRNSDVKKDFRSVRLRDLGPGKSVRAIVDVHFDPTTAFRAPDVARALLRQIQVSRRRSLGVRRPLQEHVRFMDFDWFPAFITGATSGAIAAGATARATTASRLPSSAVTPRAPHPSHTSQPVAKTTAAPTTRRPPTTAPSRVPGRRPPAPQQPPKPCDSQPCFHGGTCQDWALGGGFTCSCPAGRGGAVCEKVLGAPVPAFEGRSFLAFPTLRAYHTLRLALEFRALEPQGLLLYNGNARGKDFLALALLDGRVQLRFDTGSGPAVLTSAVPVEPGQWHRLELSRHWRRGTLSVDGETPVLGESPSGTDGLNLDTDLFVGGVPEDQAAVALERTFVGAGLRGCIRLLDVNNQRLELGIGPGAATRGSGVGECGDHPCLPNPCHGGAPCQNLEAGRFHCQCPPGRVGPTCADEKSPCQPNPCHGAAPCRVLPEGGAQCECPLGREGTFCQTASGQDGSGPFLADFNGFSHLELRGLHTFARDLGEKMALEVVFLARGPSGLLLYNGQKTDGKGDFVSLALRDRRLEFRYDLGKGAAVIRSREPVTLGAWTRVSLERNGRKGALRVGDGPRVLGESPKSRKVPHTVLNLKEPLYVGGAPDFSKLARAAAVSSGFDGAIQLVSLGGRQLLTPEHVLRQVDVTSFAGHPCTRASGHPCLNGASCVPREAAYVCLCPGGFSGPHCEKGLVEKSAGDVDTLAFDGRTFVEYLNAVTESPETLDSGALHSEKALQSNHFELSLRTEATQGLVLWSGKATERADYVALAIVDGHLQLSYNLGSQPVVLRSTVPVNTNRWLRVVAHREQREGSLQVGNEAPVTGSSPLGATQLDTDGALWLGGLPELPVGPALPKAYGTGFVGCLRDVVVGRHPLHLLEDAVTKPELRPCPTP		248956422	6180	0	0	0	2	Alignment of protein to transcript(s) annotated by UniProt: NM_001305275.2, NM_198576.4, XM_005244749.4	O00468	AGRIN_HUMAN	Unreviewed (TrEMBL)	O00468, Q5SVA1, Q5SVA2, Q60FE1, Q7KYS8, Q8N4J5, Q96IC1, Q9BTD4	O00468-2, O00468-3, O00468-4, O00468-5, O00468-6, O00468-7	Agrin	AGRN			AGRN	AGRIN	<ul><li>Molecule 'Isoform 1': Heparan sulfate basal lamina glycoprotein that plays a central role in the formation and the maintenance of the neuromuscular junction (NMJ) and directs key events in postsynaptic differentiation. Component of the AGRN-LRP4 receptor complex that induces the phosphorylation and activation of MUSK. The activation of MUSK in myotubes induces the formation of NMJ by regulating different processes including the transcription of specific genes and the clustering of AChR in the postsynaptic membrane. Calcium ions are required for maximal AChR clustering. AGRN function in neurons is highly regulated by alternative splicing, glycan binding and proteolytic processing. Modulates calcium ion homeostasis in neurons, specifically by inducing an increase in cytoplasmic calcium ions. Functions differentially in the central nervous system (CNS) by inhibiting the alpha(3)-subtype of Na+/K+-ATPase and evoking depolarization at CNS synapses. This secreted isoform forms a bridge, after release from motor neurons, to basal lamina through binding laminin via the NtA domain.<li>Molecule 'Isoform 2': Transmembrane form that is the predominate form in neurons of the brain, induces dendritic filopodia and synapse formation in mature hippocampal neurons in large part due to the attached glycosaminoglycan chains and the action of Rho-family GTPases.<li>Isoform 1, isoform 4 and isoform 5: neuron-specific (z+) isoforms that contain C-terminal insertions of 8-19 AA are potent activators of AChR clustering. Isoform 5, agrin (z+8), containing the 8-AA insert, forms a receptor complex in myotubules containing the neuronal AGRN, the muscle-specific kinase MUSK and LRP4, a member of the LDL receptor family. The splicing factors, NOVA1 and NOVA2, regulate AGRN splicing and production of the 'z' isoforms.<li>Isoform 3 and isoform 6: lack any 'z' insert, are muscle-specific and may be involved in endothelial cell differentiation.<li>Molecule 'Agrin N-terminal 110 kDa subunit': Is involved in regulation of neurite outgrowth probably due to the presence of the glycosaminoglcan (GAG) side chains of heparan and chondroitin sulfate attached to the Ser/Thr- and Gly/Ser-rich regions. Also involved in modulation of growth factor signaling (By similarity).<li>Molecule 'Agrin C-terminal 22 kDa fragment': This released fragment is important for agrin signaling and to exert a maximal dendritic filopodia-inducing effect. All 'z' splice variants (z+) of this fragment also show an increase in the number of filopodia.</ul>	AGRN	329	NM_001305275.1, XM_005244749.3, NM_198576.3	NP_940978.2, NP_001292204.1, XP_005244806.1	375790	ENSG00000188157.15	ENSP00000368678.2	ENST00000379370.7	alternative isoform
chr1	1020172	1054978	O00468-5	0	+	1020172	1054978	0,150,250	39	201,262,48,216,225,225,207,219,195,201,149,106,117,165,144,125,106,339,138,128,115,120,354,193,216,230,135,97,165,112,12,117,193,88,24,1,224,104,155	0,2028,15104,20492,21000,21305,21783,23066,23365,23650,23936,24161,24988,25186,25560,25791,25987,26224,26647,27154,27400,27603,27839,28694,29063,29393,29730,30060,30254,30553,30859,31080,31280,31555,31820,33288,33581,34275,34651	0	6171	+	6171	0,201,463,511,727,952,1177,1384,1603,1798,1999,2148,2254,2371,2536,2680,2805,2911,3250,3388,3516,3631,3751,4105,4298,4514,4744,4879,4976,5141,5253,5265,5382,5575,5663,5687,5688,5912,6016,	MAGRSHPGPLRPLLPLLVVAACVLPGAGGTCPERALERREEEANVVLTGTVEEILNVDPVQHTYSCKVRVWRYLKGKDLVARESLLDGGNKVVISGFGDPLICDNQVSTGDTRIFFVNPAPPYLWPAHKNELMLNSSLMRITLRNLEEVEFCVEDKPGTHFTPVPPTPPDACRGMLCGFGAVCEPNAEGPGRASCVCKKSPCPSVVAPVCGSDASTYSNECELQRAQCSQQRRIRLLSRGPCGSRDPCSNVTCSFGSTCARSADGLTASCLCPATCRGAPEGTVCGSDGADYPGECQLLRRACARQENVFKKFDGPCDPCQGALPDPSRSCRVNPRTRRPEMLLRPESCPARQAPVCGDDGVTYENDCVMGRSGAARGLLLQKVRSGQCQGRDQCPEPCRFNAVCLSRRGRPRCSCDRVTCDGAYRPVCAQDGRTYDSDCWRQQAECRQQRAIPSKHQGPCDQAPSPCLGVQCAFGATCAVKNGQAACECLQACSSLYDPVCGSDGVTYGSACELEATACTLGREIQVARKGPCDRCGQCRFGALCEAETGRCVCPSECVALAQPVCGSDGHTYPSECMLHVHACTHQISLHVASAGPCETCGDAVCAFGAVCSAGQCVCPRCEHPPPGPVCGSDGVTYGSACELREAACLQQTQIEEARAGPCEQAECGSGGSGSGEDGDCEQELCRQRGGIWDEDSEDGPCVCDFSCQSVPGSPVCGSDGVTYSTECELKKARCESQRGLYVAAQGACRGPTFAPLPPVAPLHCAQTPYGCCQDNITAARGVGLAGCPSACQCNPHGSYGGTCDPATGQCSCRPGVGGLRCDRCEPGFWNFRGIVTDGRSGCTPCSCDPQGAVRDDCEQMTGLCSCKPGVAGPKCGQCPDGRALGPAGCEADASAPATCAEMRCEFGARCVEESGSAHCVCPMLTCPEANATKVCGSDGVTYGNECQLKTIACRQGLQISIQSLGPCQEAVAPSTHPTSASVTVTTPGLLLSQALPAPPGALPLAPSSTAHSQTTPPPSSRPRTTASVPRTTVWPVLTVPPTAPSPAPSLVASAFGESGSTDGSSDEELSGDQEASGGGSGGLEPLEGSSVATPGPPVERASCYNSALGCCSDGKTPSLDAEGSNCPATKVFQGVLELEGVEGQELFYTPEMADPKSELFGETARSIESTLDDLFRNSDVKKDFRSVRLRDLGPGKSVRAIVDVHFDPTTAFRAPDVARALLRQIQVSRRRSLGVRRPLQEHVRFMDFDWFPAFITGATSGAIAAGATARATTASRLPSSAVTPRAPHPSHTSQPVAKTTAAPTTRRPPTTAPSRVPGRRPPAPQQPPKPCDSQPCFHGGTCQDWALGGGFTCSCPAGRGGAVCEKVLGAPVPAFEGRSFLAFPTLRAYHTLRLALEFRALEPQGLLLYNGNARGKDFLALALLDGRVQLRFDTGSGPAVLTSAVPVEPGQWHRLELSRHWRRGTLSVDGETPVLGESPSGTDGLNLDTDLFVGGVPEDQAAVALERTFVGAGLRGCIRLLDVNNQRLELGIGPGAATRGSGVGECGDHPCLPNPCHGGAPCQNLEAGRFHCQCPPGRVGPTCADEKSPCQPNPCHGAAPCRVLPEGGAQCECPLGREGTFCQTASGQDGSGPFLADFNGFSHLELRGLHTFARDLGEKMALEVVFLARGPSGLLLYNGQKTDGKGDFVSLALRDRRLEFRYDLGKGAAVIRSREPVTLGAWTRVSLERNGRKGALRVGDGPRVLGESPKSRKVPHTVLNLKEPLYVGGAPDFSKLARAAAVSSGFDGAIQLVSLGGRQLLTPEHVLRQVDVTSFAGHPCTRASGHPCLNGASCVPREAAYVCLCPGGFSGPHCEKGLVEKSAGDVDTLAFDGRTFVEYLNAVTESELANEIPVEKALQSNHFELSLRTEATQGLVLWSGKATERADYVALAIVDGHLQLSYNLGSQPVVLRSTVPVNTNRWLRVVAHREQREGSLQVGNEAPVTGSSPLGATQLDTDGALWLGGLPELPVGPALPKAYGTGFVGCLRDVVVGRHPLHLLEDAVTKPELRPCPTP		248956422	6171	0	0	0	2	Alignment of protein to transcript(s) annotated by UniProt: NM_001305275.2, NM_198576.4, XM_005244749.4	O00468	AGRIN_HUMAN	Unreviewed (TrEMBL)	O00468, Q5SVA1, Q5SVA2, Q60FE1, Q7KYS8, Q8N4J5, Q96IC1, Q9BTD4	O00468-2, O00468-3, O00468-4, O00468-5, O00468-6, O00468-7	Agrin	AGRN			AGRN	AGRIN	<ul><li>Molecule 'Isoform 1': Heparan sulfate basal lamina glycoprotein that plays a central role in the formation and the maintenance of the neuromuscular junction (NMJ) and directs key events in postsynaptic differentiation. Component of the AGRN-LRP4 receptor complex that induces the phosphorylation and activation of MUSK. The activation of MUSK in myotubes induces the formation of NMJ by regulating different processes including the transcription of specific genes and the clustering of AChR in the postsynaptic membrane. Calcium ions are required for maximal AChR clustering. AGRN function in neurons is highly regulated by alternative splicing, glycan binding and proteolytic processing. Modulates calcium ion homeostasis in neurons, specifically by inducing an increase in cytoplasmic calcium ions. Functions differentially in the central nervous system (CNS) by inhibiting the alpha(3)-subtype of Na+/K+-ATPase and evoking depolarization at CNS synapses. This secreted isoform forms a bridge, after release from motor neurons, to basal lamina through binding laminin via the NtA domain.<li>Molecule 'Isoform 2': Transmembrane form that is the predominate form in neurons of the brain, induces dendritic filopodia and synapse formation in mature hippocampal neurons in large part due to the attached glycosaminoglycan chains and the action of Rho-family GTPases.<li>Isoform 1, isoform 4 and isoform 5: neuron-specific (z+) isoforms that contain C-terminal insertions of 8-19 AA are potent activators of AChR clustering. Isoform 5, agrin (z+8), containing the 8-AA insert, forms a receptor complex in myotubules containing the neuronal AGRN, the muscle-specific kinase MUSK and LRP4, a member of the LDL receptor family. The splicing factors, NOVA1 and NOVA2, regulate AGRN splicing and production of the 'z' isoforms.<li>Isoform 3 and isoform 6: lack any 'z' insert, are muscle-specific and may be involved in endothelial cell differentiation.<li>Molecule 'Agrin N-terminal 110 kDa subunit': Is involved in regulation of neurite outgrowth probably due to the presence of the glycosaminoglcan (GAG) side chains of heparan and chondroitin sulfate attached to the Ser/Thr- and Gly/Ser-rich regions. Also involved in modulation of growth factor signaling (By similarity).<li>Molecule 'Agrin C-terminal 22 kDa fragment': This released fragment is important for agrin signaling and to exert a maximal dendritic filopodia-inducing effect. All 'z' splice variants (z+) of this fragment also show an increase in the number of filopodia.</ul>	AGRN	329	NM_001305275.1, XM_005244749.3, NM_198576.3	NP_940978.2, NP_001292204.1, XP_005244806.1	375790	ENSG00000188157.15	ENSP00000368678.2	ENST00000379370.7	alternative isoform
chr1	1020172	1054978	O00468-6	0	+	1020172	1054978	0,150,250	37	201,262,48,216,225,225,207,219,195,201,149,106,117,165,144,125,106,339,138,128,115,120,354,193,216,230,135,97,165,112,117,193,86,2,225,104,155	0,2028,15104,20492,21000,21305,21783,23066,23365,23650,23936,24161,24988,25186,25560,25791,25987,26224,26647,27154,27400,27603,27839,28694,29063,29393,29730,30060,30254,30553,31080,31280,31555,33319,33580,34275,34651	0	6135	+	6135	0,201,463,511,727,952,1177,1384,1603,1798,1999,2148,2254,2371,2536,2680,2805,2911,3250,3388,3516,3631,3751,4105,4298,4514,4744,4879,4976,5141,5253,5370,5563,5649,5651,5876,5980,	MAGRSHPGPLRPLLPLLVVAACVLPGAGGTCPERALERREEEANVVLTGTVEEILNVDPVQHTYSCKVRVWRYLKGKDLVARESLLDGGNKVVISGFGDPLICDNQVSTGDTRIFFVNPAPPYLWPAHKNELMLNSSLMRITLRNLEEVEFCVEDKPGTHFTPVPPTPPDACRGMLCGFGAVCEPNAEGPGRASCVCKKSPCPSVVAPVCGSDASTYSNECELQRAQCSQQRRIRLLSRGPCGSRDPCSNVTCSFGSTCARSADGLTASCLCPATCRGAPEGTVCGSDGADYPGECQLLRRACARQENVFKKFDGPCDPCQGALPDPSRSCRVNPRTRRPEMLLRPESCPARQAPVCGDDGVTYENDCVMGRSGAARGLLLQKVRSGQCQGRDQCPEPCRFNAVCLSRRGRPRCSCDRVTCDGAYRPVCAQDGRTYDSDCWRQQAECRQQRAIPSKHQGPCDQAPSPCLGVQCAFGATCAVKNGQAACECLQACSSLYDPVCGSDGVTYGSACELEATACTLGREIQVARKGPCDRCGQCRFGALCEAETGRCVCPSECVALAQPVCGSDGHTYPSECMLHVHACTHQISLHVASAGPCETCGDAVCAFGAVCSAGQCVCPRCEHPPPGPVCGSDGVTYGSACELREAACLQQTQIEEARAGPCEQAECGSGGSGSGEDGDCEQELCRQRGGIWDEDSEDGPCVCDFSCQSVPGSPVCGSDGVTYSTECELKKARCESQRGLYVAAQGACRGPTFAPLPPVAPLHCAQTPYGCCQDNITAARGVGLAGCPSACQCNPHGSYGGTCDPATGQCSCRPGVGGLRCDRCEPGFWNFRGIVTDGRSGCTPCSCDPQGAVRDDCEQMTGLCSCKPGVAGPKCGQCPDGRALGPAGCEADASAPATCAEMRCEFGARCVEESGSAHCVCPMLTCPEANATKVCGSDGVTYGNECQLKTIACRQGLQISIQSLGPCQEAVAPSTHPTSASVTVTTPGLLLSQALPAPPGALPLAPSSTAHSQTTPPPSSRPRTTASVPRTTVWPVLTVPPTAPSPAPSLVASAFGESGSTDGSSDEELSGDQEASGGGSGGLEPLEGSSVATPGPPVERASCYNSALGCCSDGKTPSLDAEGSNCPATKVFQGVLELEGVEGQELFYTPEMADPKSELFGETARSIESTLDDLFRNSDVKKDFRSVRLRDLGPGKSVRAIVDVHFDPTTAFRAPDVARALLRQIQVSRRRSLGVRRPLQEHVRFMDFDWFPAFITGATSGAIAAGATARATTASRLPSSAVTPRAPHPSHTSQPVAKTTAAPTTRRPPTTAPSRVPGRRPPAPQQPPKPCDSQPCFHGGTCQDWALGGGFTCSCPAGRGGAVCEKVLGAPVPAFEGRSFLAFPTLRAYHTLRLALEFRALEPQGLLLYNGNARGKDFLALALLDGRVQLRFDTGSGPAVLTSAVPVEPGQWHRLELSRHWRRGTLSVDGETPVLGESPSGTDGLNLDTDLFVGGVPEDQAAVALERTFVGAGLRGCIRLLDVNNQRLELGIGPGAATRGSGVGECGDHPCLPNPCHGGAPCQNLEAGRFHCQCPPGRVGPTCADEKSPCQPNPCHGAAPCRVLPEGGAQCECPLGREGTFCQTASGQDGSGPFLADFNGFSHLELRGLHTFARDLGEKMALEVVFLARGPSGLLLYNGQKTDGKGDFVSLALRDRRLEFRYDLGKGAAVIRSREPVTLGAWTRVSLERNGRKGALRVGDGPRVLGESPVPHTVLNLKEPLYVGGAPDFSKLARAAAVSSGFDGAIQLVSLGGRQLLTPEHVLRQVDVTSFAGHPCTRASGHPCLNGASCVPREAAYVCLCPGGFSGPHCEKGLVEKSAGDVDTLAFDGRTFVEYLNAVTESEKALQSNHFELSLRTEATQGLVLWSGKATERADYVALAIVDGHLQLSYNLGSQPVVLRSTVPVNTNRWLRVVAHREQREGSLQVGNEAPVTGSSPLGATQLDTDGALWLGGLPELPVGPALPKAYGTGFVGCLRDVVVGRHPLHLLEDAVTKPELRPCPTP		248956422	6135	0	0	0	2	Alignment of protein to transcript(s) annotated by UniProt: NM_001305275.2, NM_198576.4, XM_005244749.4	O00468	AGRIN_HUMAN	Unreviewed (TrEMBL)	O00468, Q5SVA1, Q5SVA2, Q60FE1, Q7KYS8, Q8N4J5, Q96IC1, Q9BTD4	O00468-2, O00468-3, O00468-4, O00468-5, O00468-6, O00468-7	Agrin	AGRN			AGRN	AGRIN	<ul><li>Molecule 'Isoform 1': Heparan sulfate basal lamina glycoprotein that plays a central role in the formation and the maintenance of the neuromuscular junction (NMJ) and directs key events in postsynaptic differentiation. Component of the AGRN-LRP4 receptor complex that induces the phosphorylation and activation of MUSK. The activation of MUSK in myotubes induces the formation of NMJ by regulating different processes including the transcription of specific genes and the clustering of AChR in the postsynaptic membrane. Calcium ions are required for maximal AChR clustering. AGRN function in neurons is highly regulated by alternative splicing, glycan binding and proteolytic processing. Modulates calcium ion homeostasis in neurons, specifically by inducing an increase in cytoplasmic calcium ions. Functions differentially in the central nervous system (CNS) by inhibiting the alpha(3)-subtype of Na+/K+-ATPase and evoking depolarization at CNS synapses. This secreted isoform forms a bridge, after release from motor neurons, to basal lamina through binding laminin via the NtA domain.<li>Molecule 'Isoform 2': Transmembrane form that is the predominate form in neurons of the brain, induces dendritic filopodia and synapse formation in mature hippocampal neurons in large part due to the attached glycosaminoglycan chains and the action of Rho-family GTPases.<li>Isoform 1, isoform 4 and isoform 5: neuron-specific (z+) isoforms that contain C-terminal insertions of 8-19 AA are potent activators of AChR clustering. Isoform 5, agrin (z+8), containing the 8-AA insert, forms a receptor complex in myotubules containing the neuronal AGRN, the muscle-specific kinase MUSK and LRP4, a member of the LDL receptor family. The splicing factors, NOVA1 and NOVA2, regulate AGRN splicing and production of the 'z' isoforms.<li>Isoform 3 and isoform 6: lack any 'z' insert, are muscle-specific and may be involved in endothelial cell differentiation.<li>Molecule 'Agrin N-terminal 110 kDa subunit': Is involved in regulation of neurite outgrowth probably due to the presence of the glycosaminoglcan (GAG) side chains of heparan and chondroitin sulfate attached to the Ser/Thr- and Gly/Ser-rich regions. Also involved in modulation of growth factor signaling (By similarity).<li>Molecule 'Agrin C-terminal 22 kDa fragment': This released fragment is important for agrin signaling and to exert a maximal dendritic filopodia-inducing effect. All 'z' splice variants (z+) of this fragment also show an increase in the number of filopodia.</ul>	AGRN	329	NM_001305275.1, XM_005244749.3, NM_198576.3	NP_940978.2, NP_001292204.1, XP_005244806.1	375790	ENSG00000188157.15	ENSP00000368678.2	ENST00000379370.7	alternative isoform
chr1	1020172	1054978	O00468-7	0	+	1020172	1054978	0,150,250	38	201,262,48,216,225,225,207,219,195,201,149,106,117,165,144,125,106,339,138,128,115,120,354,193,216,230,135,97,165,112,117,193,88,24,33,225,104,155	0,2028,15104,20492,21000,21305,21783,23066,23365,23650,23936,24161,24988,25186,25560,25791,25987,26224,26647,27154,27400,27603,27839,28694,29063,29393,29730,30060,30254,30553,31080,31280,31555,31820,33288,33580,34275,34651	0	6192	+	6192	0,201,463,511,727,952,1177,1384,1603,1798,1999,2148,2254,2371,2536,2680,2805,2911,3250,3388,3516,3631,3751,4105,4298,4514,4744,4879,4976,5141,5253,5370,5563,5651,5675,5708,5933,6037,	MAGRSHPGPLRPLLPLLVVAACVLPGAGGTCPERALERREEEANVVLTGTVEEILNVDPVQHTYSCKVRVWRYLKGKDLVARESLLDGGNKVVISGFGDPLICDNQVSTGDTRIFFVNPAPPYLWPAHKNELMLNSSLMRITLRNLEEVEFCVEDKPGTHFTPVPPTPPDACRGMLCGFGAVCEPNAEGPGRASCVCKKSPCPSVVAPVCGSDASTYSNECELQRAQCSQQRRIRLLSRGPCGSRDPCSNVTCSFGSTCARSADGLTASCLCPATCRGAPEGTVCGSDGADYPGECQLLRRACARQENVFKKFDGPCDPCQGALPDPSRSCRVNPRTRRPEMLLRPESCPARQAPVCGDDGVTYENDCVMGRSGAARGLLLQKVRSGQCQGRDQCPEPCRFNAVCLSRRGRPRCSCDRVTCDGAYRPVCAQDGRTYDSDCWRQQAECRQQRAIPSKHQGPCDQAPSPCLGVQCAFGATCAVKNGQAACECLQACSSLYDPVCGSDGVTYGSACELEATACTLGREIQVARKGPCDRCGQCRFGALCEAETGRCVCPSECVALAQPVCGSDGHTYPSECMLHVHACTHQISLHVASAGPCETCGDAVCAFGAVCSAGQCVCPRCEHPPPGPVCGSDGVTYGSACELREAACLQQTQIEEARAGPCEQAECGSGGSGSGEDGDCEQELCRQRGGIWDEDSEDGPCVCDFSCQSVPGSPVCGSDGVTYSTECELKKARCESQRGLYVAAQGACRGPTFAPLPPVAPLHCAQTPYGCCQDNITAARGVGLAGCPSACQCNPHGSYGGTCDPATGQCSCRPGVGGLRCDRCEPGFWNFRGIVTDGRSGCTPCSCDPQGAVRDDCEQMTGLCSCKPGVAGPKCGQCPDGRALGPAGCEADASAPATCAEMRCEFGARCVEESGSAHCVCPMLTCPEANATKVCGSDGVTYGNECQLKTIACRQGLQISIQSLGPCQEAVAPSTHPTSASVTVTTPGLLLSQALPAPPGALPLAPSSTAHSQTTPPPSSRPRTTASVPRTTVWPVLTVPPTAPSPAPSLVASAFGESGSTDGSSDEELSGDQEASGGGSGGLEPLEGSSVATPGPPVERASCYNSALGCCSDGKTPSLDAEGSNCPATKVFQGVLELEGVEGQELFYTPEMADPKSELFGETARSIESTLDDLFRNSDVKKDFRSVRLRDLGPGKSVRAIVDVHFDPTTAFRAPDVARALLRQIQVSRRRSLGVRRPLQEHVRFMDFDWFPAFITGATSGAIAAGATARATTASRLPSSAVTPRAPHPSHTSQPVAKTTAAPTTRRPPTTAPSRVPGRRPPAPQQPPKPCDSQPCFHGGTCQDWALGGGFTCSCPAGRGGAVCEKVLGAPVPAFEGRSFLAFPTLRAYHTLRLALEFRALEPQGLLLYNGNARGKDFLALALLDGRVQLRFDTGSGPAVLTSAVPVEPGQWHRLELSRHWRRGTLSVDGETPVLGESPSGTDGLNLDTDLFVGGVPEDQAAVALERTFVGAGLRGCIRLLDVNNQRLELGIGPGAATRGSGVGECGDHPCLPNPCHGGAPCQNLEAGRFHCQCPPGRVGPTCADEKSPCQPNPCHGAAPCRVLPEGGAQCECPLGREGTFCQTASGQDGSGPFLADFNGFSHLELRGLHTFARDLGEKMALEVVFLARGPSGLLLYNGQKTDGKGDFVSLALRDRRLEFRYDLGKGAAVIRSREPVTLGAWTRVSLERNGRKGALRVGDGPRVLGESPVPHTVLNLKEPLYVGGAPDFSKLARAAAVSSGFDGAIQLVSLGGRQLLTPEHVLRQVDVTSFAGHPCTRASGHPCLNGASCVPREAAYVCLCPGGFSGPHCEKGLVEKSAGDVDTLAFDGRTFVEYLNAVTESELANEIPVPETLDSGALHSEKALQSNHFELSLRTEATQGLVLWSGKATERADYVALAIVDGHLQLSYNLGSQPVVLRSTVPVNTNRWLRVVAHREQREGSLQVGNEAPVTGSSPLGATQLDTDGALWLGGLPELPVGPALPKAYGTGFVGCLRDVVVGRHPLHLLEDAVTKPELRPCPTP		248956422	6192	0	0	0	2	Alignment of protein to transcript(s) annotated by UniProt: NM_001305275.2, NM_198576.4, XM_005244749.4	O00468	AGRIN_HUMAN	Unreviewed (TrEMBL)	O00468, Q5SVA1, Q5SVA2, Q60FE1, Q7KYS8, Q8N4J5, Q96IC1, Q9BTD4	O00468-2, O00468-3, O00468-4, O00468-5, O00468-6, O00468-7	Agrin	AGRN			AGRN	AGRIN	<ul><li>Molecule 'Isoform 1': Heparan sulfate basal lamina glycoprotein that plays a central role in the formation and the maintenance of the neuromuscular junction (NMJ) and directs key events in postsynaptic differentiation. Component of the AGRN-LRP4 receptor complex that induces the phosphorylation and activation of MUSK. The activation of MUSK in myotubes induces the formation of NMJ by regulating different processes including the transcription of specific genes and the clustering of AChR in the postsynaptic membrane. Calcium ions are required for maximal AChR clustering. AGRN function in neurons is highly regulated by alternative splicing, glycan binding and proteolytic processing. Modulates calcium ion homeostasis in neurons, specifically by inducing an increase in cytoplasmic calcium ions. Functions differentially in the central nervous system (CNS) by inhibiting the alpha(3)-subtype of Na+/K+-ATPase and evoking depolarization at CNS synapses. This secreted isoform forms a bridge, after release from motor neurons, to basal lamina through binding laminin via the NtA domain.<li>Molecule 'Isoform 2': Transmembrane form that is the predominate form in neurons of the brain, induces dendritic filopodia and synapse formation in mature hippocampal neurons in large part due to the attached glycosaminoglycan chains and the action of Rho-family GTPases.<li>Isoform 1, isoform 4 and isoform 5: neuron-specific (z+) isoforms that contain C-terminal insertions of 8-19 AA are potent activators of AChR clustering. Isoform 5, agrin (z+8), containing the 8-AA insert, forms a receptor complex in myotubules containing the neuronal AGRN, the muscle-specific kinase MUSK and LRP4, a member of the LDL receptor family. The splicing factors, NOVA1 and NOVA2, regulate AGRN splicing and production of the 'z' isoforms.<li>Isoform 3 and isoform 6: lack any 'z' insert, are muscle-specific and may be involved in endothelial cell differentiation.<li>Molecule 'Agrin N-terminal 110 kDa subunit': Is involved in regulation of neurite outgrowth probably due to the presence of the glycosaminoglcan (GAG) side chains of heparan and chondroitin sulfate attached to the Ser/Thr- and Gly/Ser-rich regions. Also involved in modulation of growth factor signaling (By similarity).<li>Molecule 'Agrin C-terminal 22 kDa fragment': This released fragment is important for agrin signaling and to exert a maximal dendritic filopodia-inducing effect. All 'z' splice variants (z+) of this fragment also show an increase in the number of filopodia.</ul>	AGRN	329	NM_001305275.1, XM_005244749.3, NM_198576.3	NP_940978.2, NP_001292204.1, XP_005244806.1	375790	ENSG00000188157.15	ENSP00000368678.2	ENST00000379370.7	alternative isoform
chr1	1034555	1054978	O00468-2	0	+	1034555	1054978	0,150,250	38	148,2,46,216,225,225,207,219,195,201,149,106,117,165,144,125,106,339,138,128,115,120,354,193,216,230,135,97,165,112,12,117,193,86,2,225,104,155	0,721,723,6109,6617,6922,7400,8683,8982,9267,9553,9778,10605,10803,11177,11408,11604,11841,12264,12771,13017,13220,13456,14311,14680,15010,15347,15677,15871,16170,16476,16697,16897,17172,17258,19197,19892,20268	0	5892	+	5892	0,148,153,199,415,640,865,1072,1291,1486,1687,1836,1942,2059,2224,2368,2493,2599,2938,3076,3204,3319,3439,3793,3986,4202,4432,4567,4664,4829,4941,4953,5070,5263,5406,5408,5633,5737,	MPXLAVARDTRQPAGASLLVRGFMVPCNACLILLATATLGFAVLLFLNNYDKPGTHFTPVPPTPPDACRGMLCGFGAVCEPNAEGPGRASCVCKKSPCPSVVAPVCGSDASTYSNECELQRAQCSQQRRIRLLSRGPCGSRDPCSNVTCSFGSTCARSADGLTASCLCPATCRGAPEGTVCGSDGADYPGECQLLRRACARQENVFKKFDGPCDPCQGALPDPSRSCRVNPRTRRPEMLLRPESCPARQAPVCGDDGVTYENDCVMGRSGAARGLLLQKVRSGQCQGRDQCPEPCRFNAVCLSRRGRPRCSCDRVTCDGAYRPVCAQDGRTYDSDCWRQQAECRQQRAIPSKHQGPCDQAPSPCLGVQCAFGATCAVKNGQAACECLQACSSLYDPVCGSDGVTYGSACELEATACTLGREIQVARKGPCDRCGQCRFGALCEAETGRCVCPSECVALAQPVCGSDGHTYPSECMLHVHACTHQISLHVASAGPCETCGDAVCAFGAVCSAGQCVCPRCEHPPPGPVCGSDGVTYGSACELREAACLQQTQIEEARAGPCEQAECGSGGSGSGEDGDCEQELCRQRGGIWDEDSEDGPCVCDFSCQSVPGSPVCGSDGVTYSTECELKKARCESQRGLYVAAQGACRGPTFAPLPPVAPLHCAQTPYGCCQDNITAARGVGLAGCPSACQCNPHGSYGGTCDPATGQCSCRPGVGGLRCDRCEPGFWNFRGIVTDGRSGCTPCSCDPQGAVRDDCEQMTGLCSCKPGVAGPKCGQCPDGRALGPAGCEADASAPATCAEMRCEFGARCVEESGSAHCVCPMLTCPEANATKVCGSDGVTYGNECQLKTIACRQGLQISIQSLGPCQEAVAPSTHPTSASVTVTTPGLLLSQALPAPPGALPLAPSSTAHSQTTPPPSSRPRTTASVPRTTVWPVLTVPPTAPSPAPSLVASAFGESGSTDGSSDEELSGDQEASGGGSGGLEPLEGSSVATPGPPVERASCYNSALGCCSDGKTPSLDAEGSNCPATKVFQGVLELEGVEGQELFYTPEMADPKSELFGETARSIESTLDDLFRNSDVKKDFRSVRLRDLGPGKSVRAIVDVHFDPTTAFRAPDVARALLRQIQVSRRRSLGVRRPLQEHVRFMDFDWFPAFITGATSGAIAAGATARATTASRLPSSAVTPRAPHPSHTSQPVAKTTAAPTTRRPPTTAPSRVPGRRPPAPQQPPKPCDSQPCFHGGTCQDWALGGGFTCSCPAGRGGAVCEKVLGAPVPAFEGRSFLAFPTLRAYHTLRLALEFRALEPQGLLLYNGNARGKDFLALALLDGRVQLRFDTGSGPAVLTSAVPVEPGQWHRLELSRHWRRGTLSVDGETPVLGESPSGTDGLNLDTDLFVGGVPEDQAAVALERTFVGAGLRGCIRLLDVNNQRLELGIGPGAATRGSGVGECGDHPCLPNPCHGGAPCQNLEAGRFHCQCPPGRVGPTCADEKSPCQPNPCHGAAPCRVLPEGGAQCECPLGREGTFCQTASGQDGSGPFLADFNGFSHLELRGLHTFARDLGEKMALEVVFLARGPSGLLLYNGQKTDGKGDFVSLALRDRRLEFRYDLGKGAAVIRSREPVTLGAWTRVSLERNGRKGALRVGDGPRVLGESPKSRKVPHTVLNLKEPLYVGGAPDFSKLARAAAVSSGFDGAIQLVSLGGRQLLTPEHVLRQVDVTSFAGHPCTRASGHPCLNGASCVPREAAYVCLCPGGFSGPHCEKGLVEKSAGDVDTLAFDGRTFVEYLNAVTESELANEIPVPETLDSGALHSEKALQSNHFELSLRTEATQGLVLWSGKATERADYVALAIVDGHLQLSYNLGSQPVVLRSTVPVNTNRWLRVVAHREQREGSLQVGNEAPVTGSSPLGATQLDTDGALWLGGLPELPVGPALPKAYGTGFVGCLRDVVVGRHPLHLLEDAVTKPELRPCPTP		248956422	5832	0	0	0	2	Alignment of protein to transcript(s) annotated by UniProt: NM_001364727.2	O00468	AGRIN_HUMAN	Unreviewed (TrEMBL)	O00468, Q5SVA1, Q5SVA2, Q60FE1, Q7KYS8, Q8N4J5, Q96IC1, Q9BTD4	O00468-2, O00468-3, O00468-4, O00468-5, O00468-6, O00468-7	Agrin	AGRN			AGRN	AGRIN	<ul><li>Molecule 'Isoform 1': Heparan sulfate basal lamina glycoprotein that plays a central role in the formation and the maintenance of the neuromuscular junction (NMJ) and directs key events in postsynaptic differentiation. Component of the AGRN-LRP4 receptor complex that induces the phosphorylation and activation of MUSK. The activation of MUSK in myotubes induces the formation of NMJ by regulating different processes including the transcription of specific genes and the clustering of AChR in the postsynaptic membrane. Calcium ions are required for maximal AChR clustering. AGRN function in neurons is highly regulated by alternative splicing, glycan binding and proteolytic processing. Modulates calcium ion homeostasis in neurons, specifically by inducing an increase in cytoplasmic calcium ions. Functions differentially in the central nervous system (CNS) by inhibiting the alpha(3)-subtype of Na+/K+-ATPase and evoking depolarization at CNS synapses. This secreted isoform forms a bridge, after release from motor neurons, to basal lamina through binding laminin via the NtA domain.<li>Molecule 'Isoform 2': Transmembrane form that is the predominate form in neurons of the brain, induces dendritic filopodia and synapse formation in mature hippocampal neurons in large part due to the attached glycosaminoglycan chains and the action of Rho-family GTPases.<li>Isoform 1, isoform 4 and isoform 5: neuron-specific (z+) isoforms that contain C-terminal insertions of 8-19 AA are potent activators of AChR clustering. Isoform 5, agrin (z+8), containing the 8-AA insert, forms a receptor complex in myotubules containing the neuronal AGRN, the muscle-specific kinase MUSK and LRP4, a member of the LDL receptor family. The splicing factors, NOVA1 and NOVA2, regulate AGRN splicing and production of the 'z' isoforms.<li>Isoform 3 and isoform 6: lack any 'z' insert, are muscle-specific and may be involved in endothelial cell differentiation.<li>Molecule 'Agrin N-terminal 110 kDa subunit': Is involved in regulation of neurite outgrowth probably due to the presence of the glycosaminoglcan (GAG) side chains of heparan and chondroitin sulfate attached to the Ser/Thr- and Gly/Ser-rich regions. Also involved in modulation of growth factor signaling (By similarity).<li>Molecule 'Agrin C-terminal 22 kDa fragment': This released fragment is important for agrin signaling and to exert a maximal dendritic filopodia-inducing effect. All 'z' splice variants (z+) of this fragment also show an increase in the number of filopodia.</ul>	AGRN	329	NM_001305275.1, XM_005244749.3, NM_198576.3	NP_940978.2, NP_001292204.1, XP_005244806.1	375790	ENSG00000188157.15	ENSP00000368678.2	ENST00000379370.7	alternative isoform
chr1	1071819	1072566	E7ERA6	1000	-	1071819	1072566	12,12,120	1	747	0	0	747	+	747	0,	MSSGQQVWHTAVPPPRRSSSIASMPRSPSSAGSPRSPGTPGSERVASPLECSICFSGYDNIFKTPKELSCTHVFCLECLARLAAAQPVGRPGGEAVPCPFCRQPTAVPPAGAPALCTSRQLQARMPAHLRREEPVWLEGTKLCCQPLPTTPGREPGFVCVDVGLSKPAEPPAPARDPAPRRGRLARCWARCRDWRRMALVSALLLMLFCVALWPVQCALKTGNLRCLPLPPRPPATSTAASPLGPLTDN		248956422	747	0	0	0	2	Alignment of protein to transcript(s) annotated by UniProt: NM_001205252.2	E7ERA6	RN223_HUMAN	Manually reviewed (Swiss-Prot)	E7ERA6, B4DKI4		RING finger protein 223	RNF223			RNF223		<ul><li></ul>	RNF223	40020	NM_001205252.1	NP_001192181.1	401934	ENSG00000237330.3	ENSP00000410533.1	ENST00000453464.3	primary sequence
chr1	1082895	1087178	Q96HA4-5	0	-	1082895	1087178	0,150,250	5	92,469,26,135,40	0,1019,1585,2982,4243	0	762	+	762	0,92,561,587,722,	MNRSSGTPGRPHPGAPRVAASLFLGTFFISSGLILSVAGFFYLKRSSKLPRACYRRNKAPALQPGEAAAMIPPPQSSGNSSCRIPLWGFPSLGQSQGALWVCPQTGLPGSGSRPPLPGSPGDPPTRQGQGRIWLVPPALDLSWIWPAPPARPPLIPVTSMLFPVPETWGLQERRTHHDRADPQYLLLLEVQLHPRTDAAGLRQALLSSHRFSGAGSGGPKSQPVRKPRYVRRERPLDRATDPAAFPGEARISNV		248956422	762	0	0	0	2	Alignment of protein to transcript(s) annotated by UniProt: NM_001330306.2, NM_001363525.2	Q96HA4	CA159_HUMAN	Unreviewed (TrEMBL)	Q96HA4, B3KQ46, Q5T2W6, Q6UX67, Q6ZR77, Q9NWV0	Q96HA4-2, Q96HA4-3, Q96HA4-4, Q96HA4-5	Uncharacterized protein C1orf159	C1orf159			C1orf159	ORFUNQ2998/PRO9739	<ul><li></ul>	C1orf159	26062	XM_011541661.2, XM_011541662.2, XM_017001576.1, NM_017891.4, NM_001330306.1	XP_011539964.1, XP_016857065.1, XP_011539963.1, NP_001317235.1, NP_060361.4	54991	ENSG00000131591.18	ENSP00000400736.2, ENSP00000368623.1, ENSP00000368644.1, ENSP00000368629.3	ENST00000421241.7, ENST00000379325.7, ENST00000379339.5, ENST00000379319.5	alternative isoform
chr1	1082895	1091543	Q96HA4-1	1000	-	1082895	1091543	12,12,120	9	92,469,26,135,66,96,76,108,72	0,1019,1585,2982,4243,4606,7457,7980,8576	0	1140	+	1140	0,92,561,587,722,788,884,960,1068,	MALRHLALLAGLLVGVASKSMENTVTRNSTAVINTQAEGTLSPPGLSSLPVVREWALTHTAQLPECCVDVVGVNASCPGASLCGPGCYRRWNADGSASCVRCGNGTLPAYNGSECRSFAGPGAPFPMNRSSGTPGRPHPGAPRVAASLFLGTFFISSGLILSVAGFFYLKRSSKLPRACYRRNKAPALQPGEAAAMIPPPQSSGNSSCRIPLWGFPSLGQSQGALWVCPQTGLPGSGSRPPLPGSPGDPPTRQGQGRIWLVPPALDLSWIWPAPPARPPLIPVTSMLFPVPETWGLQERRTHHDRADPQYLLLLEVQLHPRTDAAGLRQALLSSHRFSGAGSGGPKSQPVRKPRYVRRERPLDRATDPAAFPGEARISNV		248956422	1140	0	0	0	2	Alignment of protein to transcript(s) annotated by UniProt: NM_001330306.2	Q96HA4	CA159_HUMAN	Manually reviewed (Swiss-Prot)	Q96HA4, B3KQ46, Q5T2W6, Q6UX67, Q6ZR77, Q9NWV0	Q96HA4-2, Q96HA4-3, Q96HA4-4, Q96HA4-5	Uncharacterized protein C1orf159	C1orf159			C1orf159	ORFUNQ2998/PRO9739	<ul><li></ul>	C1orf159	26062	XM_011541661.2, XM_011541662.2, XM_017001576.1, NM_017891.4, NM_001330306.1	XP_011539964.1, XP_016857065.1, XP_011539963.1, NP_001317235.1, NP_060361.4	54991	ENSG00000131591.18	ENSP00000400736.2, ENSP00000368623.1, ENSP00000368644.1, ENSP00000368629.3	ENST00000421241.7, ENST00000379325.7, ENST00000379339.5, ENST00000379319.5	primary sequence
chr1	1082895	1091543	Q96HA4-4	0	-	1082895	1091543	0,150,250	8	92,31,26,135,66,96,76,72	0,1457,1585,2982,4243,4606,7457,8576	0	594	+	594	0,92,123,149,284,350,446,522,	MALRHLALLAGLLVGVASKSMENTAQLPECCVDVVGVNASCPGASLCGPGCYRRWNADGSASCVRCGNGTLPAYNGSECRSFAGPGAPFPMNRSSGTPGRPHPGAPRVAASLFLGTFFISSGLILSVAGFFYLKRSSKLPRACYRRNKAPALQPGEAAAMIPPPQSSVRKPRYVRRERPLDRATDPAAFPGEARISNV		248956422	594	0	0	0	2	Alignment of protein to transcript(s) annotated by UniProt: NM_017891.5	Q96HA4	CA159_HUMAN	Unreviewed (TrEMBL)	Q96HA4, B3KQ46, Q5T2W6, Q6UX67, Q6ZR77, Q9NWV0	Q96HA4-2, Q96HA4-3, Q96HA4-4, Q96HA4-5	Uncharacterized protein C1orf159	C1orf159			C1orf159	ORFUNQ2998/PRO9739	<ul><li></ul>	C1orf159	26062	XM_011541661.2, XM_011541662.2, XM_017001576.1, NM_017891.4, NM_001330306.1	XP_011539964.1, XP_016857065.1, XP_011539963.1, NP_001317235.1, NP_060361.4	54991	ENSG00000131591.18	ENSP00000400736.2, ENSP00000368623.1, ENSP00000368644.1, ENSP00000368629.3	ENST00000421241.7, ENST00000379325.7, ENST00000379339.5, ENST00000379319.5	alternative isoform
chr1	1084353	1091543	Q96HA4-3	0	-	1084353	1091543	0,150,250	7	30,26,135,66,96,76,72	0,127,1524,2785,3148,5999,7118	0	501	+	567	66,96,122,257,323,419,495,	MALRHLALLAGLLVGVASKSMENTAQLPECCVDVVGVNASCPGASLCGPGCYRRWNADGSASCVRCGNGTLPAYNGSECRSFAGPGAPFPMNRSSGTPGRPHPGAPRVAASLFLGTFFISSGLILSVAGFFYLKRSSKLPRACYRRNKAPALQPGEAAAMIPPPQSSDVGSAGKEDPPRQGRPPIPAPP		248956422	501	0	0	0	2	Alignment of protein to transcript(s) annotated by UniProt: NM_001330306.2, NM_001363525.2, NM_017891.5	Q96HA4	CA159_HUMAN	Unreviewed (TrEMBL)	Q96HA4, B3KQ46, Q5T2W6, Q6UX67, Q6ZR77, Q9NWV0	Q96HA4-2, Q96HA4-3, Q96HA4-4, Q96HA4-5	Uncharacterized protein C1orf159	C1orf159			C1orf159	ORFUNQ2998/PRO9739	<ul><li></ul>	C1orf159	26062	XM_011541661.2, XM_011541662.2, XM_017001576.1, NM_017891.4, NM_001330306.1	XP_011539964.1, XP_016857065.1, XP_011539963.1, NP_001317235.1, NP_060361.4	54991	ENSG00000131591.18	ENSP00000400736.2, ENSP00000368623.1, ENSP00000368644.1, ENSP00000368629.3	ENST00000421241.7, ENST00000379325.7, ENST00000379339.5, ENST00000379319.5	alternative isoform
chr1	1084377	1091543	Q96HA4-2	0	-	1084377	1091543	0,150,250	8	6,26,1,134,66,96,76,72	0,103,1500,1501,2761,3124,5975,7094	0	537	+	555	18,24,50,111,245,311,407,483,	MALRHLALLAGLLVGVASKSMENTAQLPECCVDVVGVNASCPGASLCGPGCYRRWNADGSASCVRCGNGTLPAYNGSECRSFAGPGAPFPMNRSSGTPGRPHPGAPRVAASLFLGTFFISSGLILSVAGFFYLKRSSKLPRACYRRNKGPAPAGSLPGRWSSQQFGPQAPALQPGEAVSNPHHPG		248956422	477	0	0	0	2	Alignment of protein to transcript(s) annotated by UniProt: NM_001330306.2	Q96HA4	CA159_HUMAN	Unreviewed (TrEMBL)	Q96HA4, B3KQ46, Q5T2W6, Q6UX67, Q6ZR77, Q9NWV0	Q96HA4-2, Q96HA4-3, Q96HA4-4, Q96HA4-5	Uncharacterized protein C1orf159	C1orf159			C1orf159	ORFUNQ2998/PRO9739	<ul><li></ul>	C1orf159	26062	XM_011541661.2, XM_011541662.2, XM_017001576.1, NM_017891.4, NM_001330306.1	XP_011539964.1, XP_016857065.1, XP_011539963.1, NP_001317235.1, NP_060361.4	54991	ENSG00000131591.18	ENSP00000400736.2, ENSP00000368623.1, ENSP00000368644.1, ENSP00000368629.3	ENST00000421241.7, ENST00000379325.7, ENST00000379339.5, ENST00000379319.5	alternative isoform
chr1	1179215	1197844	Q6ZVT0-1	1000	+	1179215	1197844	12,12,120	13	118,81,307,119,130,75,86,172,172,141,117,94,407	0,441,818,1267,1515,2525,3145,3660,4704,5753,17384,17877,18222	0	2019	+	2019	0,118,199,506,625,755,830,916,1088,1260,1401,1518,1612,	MDHSCTRFIHRRGPPTRTRAGFKRGKRPRIQQRPRARVSGTIPASRLHPAPASQPGPCPAPGHCPVGPAHERPMGSSQEEGLRCQPSQPDHDADGHCGPDLEGAERASATPGPPGLLNSHRPADSDDTNAAGPSAALLEGLLLGGGKPSPHSTRPGPFFYIGGSNGATIISSYCKSKGWQRIHDSRRDDYTLKWCEVKSRDSYGSFREGEQLLYQLPNNKLLTTKIGLLSTLRGRARAMSKASKVPGGVQARLEKDAAAPALEDLPWTSPGYLRPQRVLRMEEFFPETYRLDLKHEREAFFTLFDETQIWICKPTASNQGKGIFLLRNQEEVAALQAKTRSMEDDPIHHKTPFRGPQARVVQRYIQNPLLVDGRKFDVRSYLLIACTTPYMIFFGHGYARLTLSLYDPHSSDLGGHLTNQFMQKKSPLYMLLKEHTVWSMEHLNRYISDTFWKARGLAKDWVFTTLKKRMQQIMAHCFLAAKPKLDCKLGYFDLIGCDFLIDDNFKVWLLEMNSNPALHTNCEVLKEVIPGVVIETLDLVLETFRKSLRGQKMLPLLSQRRFVLLHNGEADPRPHLGGSCSLRRWPPLPTRQAKSSGPPMPHAPDQPGARRPAPPPLVPQRPRPPGPDLDSAHDGEPQAPGTEQSGTGNRHPAQEPSPGTAKEEREEPENARP		248956422	2019	0	0	0	2	Alignment of protein to transcript(s) annotated by UniProt: NM_001130045.2, NM_001371649.1, XM_017000906.2, XM_017000912.2, XM_047416841.1, XM_047416842.1, XM_047416843.1, XM_047416870.1	Q6ZVT0	TTL10_HUMAN	Manually reviewed (Swiss-Prot)	Q6ZVT0, B1AMF6, Q5T2W4, Q5T2W5, Q8N9X2	Q6ZVT0-2, Q6ZVT0-3	Inactive polyglycylase TTLL10	TTLL10	Tubulin--tyrosine ligase-like protein 10		TTLL10		<ul><li>Inactive polyglycylase.</ul>	TTLL10	26693	XM_017000912.1, NM_001130045.1, NM_153254.2, XM_005244738.1, XM_011541177.2	NP_001123517.1, XP_016856401.1, XP_005244795.1, XP_011539479.1, NP_694986.2	254173	ENSG00000162571.14	ENSP00000368592.1, ENSP00000368590.3, ENSP00000368591.1	ENST00000379289.6, ENST00000379290.6, ENST00000379288.3	primary sequence
chr1	1180053	1185139	Q6ZVT0-3	0	+	1180053	1185139	0,150,250	8	287,119,130,75,86,172,172,171	0,429,677,1687,2307,2822,3866,4915	0	1212	+	1212	0,287,406,536,611,697,869,1041,	MGSSQEEGLRCQPSQPDHDADGHCGPDLEGAERASATPGPPGLLNSHRPADSDDTNAAGPSAALLEGLLLGGGKPSPHSTRPGPFFYIGGSNGATIISSYCKSKGWQRIHDSRRDDYTLKWCEVKSRDSYGSFREGEQLLYQLPNNKLLTTKIGLLSTLRGRARAMSKASKVPGGVQARLEKDAAAPALEDLPWTSPGYLRPQRVLRMEEFFPETYRLDLKHEREAFFTLFDETQIWICKPTASNQGKGIFLLRNQEEVAALQAKTRSMEDDPIHHKTPFRGPQARVVQRYIQNPLLVDGRKFDVRSYLLIACTTPYMIFFGHGYARLTLSLYDPHSSDLGGHLTNQFMQKKSPLYMLLKEHTVWSMEHLNRYISDTFWKARGLAKDWVFTTLKVRPLCPPVWE		248956422	1212	0	0	0	2	Alignment of protein to transcript(s) annotated by UniProt: NM_153254.3	Q6ZVT0	TTL10_HUMAN	Unreviewed (TrEMBL)	Q6ZVT0, B1AMF6, Q5T2W4, Q5T2W5, Q8N9X2	Q6ZVT0-2, Q6ZVT0-3	Inactive polyglycylase TTLL10	TTLL10	Tubulin--tyrosine ligase-like protein 10		TTLL10		<ul><li>Inactive polyglycylase.</ul>	TTLL10	26693	XM_017000912.1, NM_001130045.1, NM_153254.2, XM_005244738.1, XM_011541177.2	NP_001123517.1, XP_016856401.1, XP_005244795.1, XP_011539479.1, NP_694986.2	254173	ENSG00000162571.14	ENSP00000368592.1, ENSP00000368590.3, ENSP00000368591.1	ENST00000379289.6, ENST00000379290.6, ENST00000379288.3	alternative isoform
chr1	1180053	1197844	Q6ZVT0-2	0	+	1180053	1197844	0,150,250	11	287,119,130,75,86,172,172,141,117,94,407	0,429,677,1687,2307,2822,3866,4915,16546,17039,17384	0	1800	+	1800	0,287,406,536,611,697,869,1041,1182,1299,1393,	MGSSQEEGLRCQPSQPDHDADGHCGPDLEGAERASATPGPPGLLNSHRPADSDDTNAAGPSAALLEGLLLGGGKPSPHSTRPGPFFYIGGSNGATIISSYCKSKGWQRIHDSRRDDYTLKWCEVKSRDSYGSFREGEQLLYQLPNNKLLTTKIGLLSTLRGRARAMSKASKVPGGVQARLEKDAAAPALEDLPWTSPGYLRPQRVLRMEEFFPETYRLDLKHEREAFFTLFDETQIWICKPTASNQGKGIFLLRNQEEVAALQAKTRSMEDDPIHHKTPFRGPQARVVQRYIQNPLLVDGRKFDVRSYLLIACTTPYMIFFGHGYARLTLSLYDPHSSDLGGHLTNQFMQKKSPLYMLLKEHTVWSMEHLNRYISDTFWKARGLAKDWVFTTLKKRMQQIMAHCFLAAKPKLDCKLGYFDLIGCDFLIDDNFKVWLLEMNSNPALHTNCEVLKEVIPGVVIETLDLVLETFRKSLRGQKMLPLLSQRRFVLLHNGEADPRPHLGGSCSLRRWPPLPTRQAKSSGPPMPHAPDQPGARRPAPPPLVPQRPRPPGPDLDSAHDGEPQAPGTEQSGTGNRHPAQEPSPGTAKEEREEPENARP		248956422	1800	0	0	0	2	Alignment of protein to transcript(s) annotated by UniProt: NM_001130045.2, NM_001371649.1, XM_005244738.2, XM_017000906.2, XM_017000912.2, XM_047416841.1, XM_047416842.1, XM_047416843.1, XM_047416870.1	Q6ZVT0	TTL10_HUMAN	Unreviewed (TrEMBL)	Q6ZVT0, B1AMF6, Q5T2W4, Q5T2W5, Q8N9X2	Q6ZVT0-2, Q6ZVT0-3	Inactive polyglycylase TTLL10	TTLL10	Tubulin--tyrosine ligase-like protein 10		TTLL10		<ul><li>Inactive polyglycylase.</ul>	TTLL10	26693	XM_017000912.1, NM_001130045.1, NM_153254.2, XM_005244738.1, XM_011541177.2	NP_001123517.1, XP_016856401.1, XP_005244795.1, XP_011539479.1, NP_694986.2	254173	ENSG00000162571.14	ENSP00000368592.1, ENSP00000368590.3, ENSP00000368591.1	ENST00000379289.6, ENST00000379290.6, ENST00000379288.3	alternative isoform
chr1	1203593	1206571	Q9Y5U5-2	0	-	1203593	1206571	0,150,250	4	367,88,123,187	0,805,1776,2791	0	765	+	765	0,367,455,578,	MAQHGAMGAFRALCGLALLCALSLGQRPTGGPGCGPGRLLLGTGTDARCCRVHTTRCCRDYPGEECCSEWDCMCVQPEFHCGDPCCTTCRHHPCPPGQGVQSQGKFSFGFQCIDCASGTFSGGHEGHCKPWTDCCWRCRRRPKTPEAASSPRKSGASDRQRRRGGWETCGCEPGRPPGPPTAASPSPGAPQAAGALRSALGRALLPWQQKWVQEGGSDQRPGPCSSAAAAGPCRRERETQSWPPSSLAGPDGVGS		248956422	765	0	0	0	2	Alignment of protein to transcript(s) annotated by UniProt: NM_148901.2	Q9Y5U5	TNR18_HUMAN	Unreviewed (TrEMBL)	Q9Y5U5, B1AME1, O95851, Q5U0I4, Q9NYJ9	Q9Y5U5-2, Q9Y5U5-3	Tumor necrosis factor receptor superfamily member 18	TNFRSF18	Activation-inducible TNFR family receptor; Glucocorticoid-induced TNFR-related protein		TNFRSF18	AITR; GITR; ORFUNQ319/PRO364	<ul><li>Receptor for TNFSF18. Seems to be involved in interactions between activated T-lymphocytes and endothelial cells and in the regulation of T-cell receptor-mediated cell death. Mediated NF-kappa-B activation via the TRAF2/NIK pathway.</ul>	TNFRSF18	11914	NM_148901.1, NM_004195.2, NM_148902.1	NP_683700.1, NP_683699.1, NP_004186.1	8784	ENSG00000186891.14	ENSP00000368570.2, ENSP00000368567.5, ENSP00000328207.6	ENST00000328596.10, ENST00000379268.7, ENST00000379265.5	alternative isoform
chr1	1203846	1206571	Q9Y5U5-1	1000	-	1203846	1206571	12,12,120	5	122,203,88,123,187	0,187,552,1523,2538	0	723	+	723	0,122,325,413,536,	MAQHGAMGAFRALCGLALLCALSLGQRPTGGPGCGPGRLLLGTGTDARCCRVHTTRCCRDYPGEECCSEWDCMCVQPEFHCGDPCCTTCRHHPCPPGQGVQSQGKFSFGFQCIDCASGTFSGGHEGHCKPWTDCTQFGFLTVFPGNKTHNAVCVPGSPPAEPLGWLTVVLLAVAACVLLLTSAQLGLHIWQLRSQCMWPRETQLLLEVPPSTEDARSCQFPEEERGERSAEEKGRLGDLWV		248956422	723	0	0	0	2	Alignment of protein to transcript(s) annotated by UniProt: NM_004195.3	Q9Y5U5	TNR18_HUMAN	Manually reviewed (Swiss-Prot)	Q9Y5U5, B1AME1, O95851, Q5U0I4, Q9NYJ9	Q9Y5U5-2, Q9Y5U5-3	Tumor necrosis factor receptor superfamily member 18	TNFRSF18	Activation-inducible TNFR family receptor; Glucocorticoid-induced TNFR-related protein		TNFRSF18	AITR; GITR; ORFUNQ319/PRO364	<ul><li>Receptor for TNFSF18. Seems to be involved in interactions between activated T-lymphocytes and endothelial cells and in the regulation of T-cell receptor-mediated cell death. Mediated NF-kappa-B activation via the TRAF2/NIK pathway.</ul>	TNFRSF18	11914	NM_148901.1, NM_004195.2, NM_148902.1	NP_683700.1, NP_683699.1, NP_004186.1	8784	ENSG00000186891.14	ENSP00000368570.2, ENSP00000368567.5, ENSP00000328207.6	ENST00000328596.10, ENST00000379268.7, ENST00000379265.5	primary sequence
chr1	1203846	1206571	Q9Y5U5-3	0	-	1203846	1206571	0,150,250	6	122,4,178,88,123,187	0,187,212,552,1523,2538	0	702	+	702	0,122,126,304,392,515,	MAQHGAMGAFRALCGLALLCALSLGQRPTGGPGCGPGRLLLGTGTDARCCRVHTTRCCRDYPGEECCSEWDCMCVQPEFHCGDPCCTTCRHHPCPPGQGVQSQGKFSFGFQCIDCASGTFSGGHEGHCKPWTDCTQFGFLTVFPGNKTHNAVCVPGSPPAEPLGWLTVVLLAVAACVLLLTSAQLGLHIWQLRKTQLLLEVPPSTEDARSCQFPEEERGERSAEEKGRLGDLWV		248956422	702	0	0	0	2	Alignment of protein to transcript(s) annotated by UniProt: NM_004195.3, NM_148902.2	Q9Y5U5	TNR18_HUMAN	Unreviewed (TrEMBL)	Q9Y5U5, B1AME1, O95851, Q5U0I4, Q9NYJ9	Q9Y5U5-2, Q9Y5U5-3	Tumor necrosis factor receptor superfamily member 18	TNFRSF18	Activation-inducible TNFR family receptor; Glucocorticoid-induced TNFR-related protein		TNFRSF18	AITR; GITR; ORFUNQ319/PRO364	<ul><li>Receptor for TNFSF18. Seems to be involved in interactions between activated T-lymphocytes and endothelial cells and in the regulation of T-cell receptor-mediated cell death. Mediated NF-kappa-B activation via the TRAF2/NIK pathway.</ul>	TNFRSF18	11914	NM_148901.1, NM_004195.2, NM_148902.1	NP_683700.1, NP_683699.1, NP_004186.1	8784	ENSG00000186891.14	ENSP00000368570.2, ENSP00000368567.5, ENSP00000328207.6	ENST00000328596.10, ENST00000379268.7, ENST00000379265.5	alternative isoform
chr1	1211557	1214127	P43489	1000	-	1211557	1214127	12,12,120	7	72,125,197,67,102,123,145	0,150,384,1080,1434,2105,2425	0	831	+	831	0,72,197,394,461,563,686,	MCVGARRLGRGPCAALLLLGLGLSTVTGLHCVGDTYPSNDRCCHECRPGNGMVSRCSRSQNTVCRPCGPGFYNDVVSSKPCKPCTWCNLRSGSERKQLCTATQDTVCRCRAGTQPLDSYKPGVDCAPCPPGHFSPGDNQACKPWTNCTLAGKHTLQPASNSSDAICEDRDPPATQPQETQGPPARPITVQPTEAWPRTSQGPSTRPVEVPGGRAVAAILGLGLVLGLLGPLAILLALYLLRRDQRLPPDAHKPPGGGSFRTPIQEEQADAHSTLAKI		248956422	831	0	0	0	2	Alignment of protein to transcript(s) annotated by UniProt: NM_001410709.1, NM_003327.4	P43489	TNR4_HUMAN	Manually reviewed (Swiss-Prot)	P43489, Q13663, Q2M312, Q5T7M0		Tumor necrosis factor receptor superfamily member 4	TNFRSF4	ACT35 antigen; OX40L receptor; TAX transcriptionally-activated glycoprotein 1 receptor		TNFRSF4	TXGP1L	<ul><li>Receptor for TNFSF4/OX40L/GP34. Is a costimulatory molecule implicated in long-term T-cell immunity.<li>(Microbial infection) Acts as a receptor for human herpesvirus 6B/HHV-6B.</ul>	TNFRSF4	11918	NM_003327.3, XM_017002232.1	NP_003318.1, XP_016857721.1	7293	ENSG00000186827.12	ENSP00000368538.3	ENST00000379236.4	primary sequence
chr1	1217514	1218808	Q9BRK5-5	0	-	1217514	1218808	0,150,250	3	174,176,40	0,943,1254	0	390	+	390	0,174,350,	MLRFMVKEIVRDLDQDGDKQLSVPEFISLPVGTVENQQGQDIDDNWVKDRKKEFEELIDSNHDGIVTAEELESYMDPMNEYNALNEAKQMIAVADENQNHHLEPEEVLKYSEFFTGSKLVDYARSVHEEF		248956422	390	0	0	0	2	Alignment of protein to transcript(s) annotated by UniProt: NM_016176.6, XM_047422111.1	Q9BRK5	CAB45_HUMAN	Unreviewed (TrEMBL)	Q9BRK5, B1AME5, B1AME6, B2RDF1, B4DSM1, Q53G52, Q53HQ9, Q8NBQ3, Q96AA1, Q9NZP7, Q9UN53	Q9BRK5-2, Q9BRK5-3, Q9BRK5-4, Q9BRK5-5, Q9BRK5-6	45 kDa calcium-binding protein	Cab45	Stromal cell-derived factor 4	SDF-4	SDF4	CAB45; ORFPSEC0034	<ul><li>May regulate calcium-dependent activities in the endoplasmic reticulum lumen or post-ER compartment.<li>Isoform 5 may be involved in the exocytosis of zymogens by pancreatic acini.</ul>	SDF4	24188	NM_016176.6, NM_016547.2, XM_011541556.1	NP_057260.3, NP_057631.1, XP_011539858.1	51150				alternative isoform
chr1	1217514	1228484	Q9BRK5-2	0	-	1217514	1228484	0,150,250	6	174,176,159,114,137,17	0,943,1254,5729,6317,10953	0	777	+	777	0,174,350,509,623,760,	MVIFSKVDVNTDRKISAKEMQRWIMEKTAEHFQEAMEESKTHFRAVDPDGDGHVSWDEYKVKFLASKGHSEKEVADAIRLNEELKVDEETQEVLENLKDRWYQADSPPADLLLTEEEFLSFLHPEHSRGMLRFMVKEIVRDLDQDGDKQLSVPEFISLPVGTVENQQGQDIDDNWVKDRKKEFEELIDSNHDGIVTAEELESYMDPMNEYNALNEAKQMIAVADENQNHHLEPEEVLKYSEFFTGSKLVDYARSVHEEF		248956422	777	0	0	0	2	Alignment of protein to transcript(s) annotated by UniProt: NM_016176.6, XM_047422111.1	Q9BRK5	CAB45_HUMAN	Unreviewed (TrEMBL)	Q9BRK5, B1AME5, B1AME6, B2RDF1, B4DSM1, Q53G52, Q53HQ9, Q8NBQ3, Q96AA1, Q9NZP7, Q9UN53	Q9BRK5-2, Q9BRK5-3, Q9BRK5-4, Q9BRK5-5, Q9BRK5-6	45 kDa calcium-binding protein	Cab45	Stromal cell-derived factor 4	SDF-4	SDF4	CAB45; ORFPSEC0034	<ul><li>May regulate calcium-dependent activities in the endoplasmic reticulum lumen or post-ER compartment.<li>Isoform 5 may be involved in the exocytosis of zymogens by pancreatic acini.</ul>	SDF4	24188	NM_016176.6, NM_016547.2, XM_011541556.1	NP_057260.3, NP_057631.1, XP_011539858.1	51150				alternative isoform
chr1	1217514	1228793	Q9BRK5-1	1000	-	1217514	1228793	12,12,120	6	174,176,159,114,137,326	0,943,1254,5729,6317,10953	0	1086	+	1086	0,174,350,509,623,760,	MVWPWVAMASRWGPLIGLAPCCLWLLGAVLLMDASARPANHSSTRERVANREENEILPPDHLNGVKLEMDGHLNRGFHQEVFLGKDLGGFDEDAEPRRSRRKLMVIFSKVDVNTDRKISAKEMQRWIMEKTAEHFQEAMEESKTHFRAVDPDGDGHVSWDEYKVKFLASKGHSEKEVADAIRLNEELKVDEETQEVLENLKDRWYQADSPPADLLLTEEEFLSFLHPEHSRGMLRFMVKEIVRDLDQDGDKQLSVPEFISLPVGTVENQQGQDIDDNWVKDRKKEFEELIDSNHDGIVTAEELESYMDPMNEYNALNEAKQMIAVADENQNHHLEPEEVLKYSEFFTGSKLVDYARSVHEEF		248956422	1086	0	0	0	2	Alignment of protein to transcript(s) annotated by UniProt: NM_016176.6, XM_047422111.1	Q9BRK5	CAB45_HUMAN	Manually reviewed (Swiss-Prot)	Q9BRK5, B1AME5, B1AME6, B2RDF1, B4DSM1, Q53G52, Q53HQ9, Q8NBQ3, Q96AA1, Q9NZP7, Q9UN53	Q9BRK5-2, Q9BRK5-3, Q9BRK5-4, Q9BRK5-5, Q9BRK5-6	45 kDa calcium-binding protein	Cab45	Stromal cell-derived factor 4	SDF-4	SDF4	CAB45; ORFPSEC0034	<ul><li>May regulate calcium-dependent activities in the endoplasmic reticulum lumen or post-ER compartment.<li>Isoform 5 may be involved in the exocytosis of zymogens by pancreatic acini.</ul>	SDF4	24188	NM_016176.6, NM_016547.2, XM_011541556.1	NP_057260.3, NP_057631.1, XP_011539858.1	51150				primary sequence
chr1	1217672	1228793	Q9BRK5-6	0	-	1217672	1228793	0,150,250	6	132,176,159,114,137,326	0,785,1096,5571,6159,10795	0	1044	+	1044	0,132,308,467,581,718,	MVWPWVAMASRWGPLIGLAPCCLWLLGAVLLMDASARPANHSSTRERVANREENEILPPDHLNGVKLEMDGHLNRGFHQEVFLGKDLGGFDEDAEPRRSRRKLMVIFSKVDVNTDRKISAKEMQRWIMEKTAEHFQEAMEESKTHFRAVDPDGDGHVSWDEYKVKFLASKGHSEKEVADAIRLNEELKVDEETQEVLENLKDRWYQADSPPADLLLTEEEFLSFLHPEHSRGMLRFMVKEIVRDLDQDGDKQLSVPEFISLPVGTVENQQGQDIDDNWVKDRKKEFEELIDSNHDGIVTAEELENVPTLPLQPIGTLNSHFVRLAAELGGGKATLTCAPLARRATWTP		248956422	1044	0	0	0	2	Alignment of protein to transcript(s) annotated by UniProt: NM_016547.3, XM_047422112.1	Q9BRK5	CAB45_HUMAN	Unreviewed (TrEMBL)	Q9BRK5, B1AME5, B1AME6, B2RDF1, B4DSM1, Q53G52, Q53HQ9, Q8NBQ3, Q96AA1, Q9NZP7, Q9UN53	Q9BRK5-2, Q9BRK5-3, Q9BRK5-4, Q9BRK5-5, Q9BRK5-6	45 kDa calcium-binding protein	Cab45	Stromal cell-derived factor 4	SDF-4	SDF4	CAB45; ORFPSEC0034	<ul><li>May regulate calcium-dependent activities in the endoplasmic reticulum lumen or post-ER compartment.<li>Isoform 5 may be involved in the exocytosis of zymogens by pancreatic acini.</ul>	SDF4	24188	NM_016176.6, NM_016547.2, XM_011541556.1	NP_057260.3, NP_057631.1, XP_011539858.1	51150				alternative isoform
chr1	1218925	1228793	Q9BRK5-3	0	-	1218925	1228793	0,150,250	4	2,114,137,326	0,4318,4906,9542	0	579	+	762	183,185,299,436,	MVWPWVAMASRWGPLIGLAPCCLWLLGAVLLMDASARPANHSSTRERVANREENEILPPDHLNGVKLEMDGHLNRGFHQEVFLGKDLGGFDEDAEPRRSRRKLMVIFSKVDVNTDRKISAKEMQRWIMEKTAEHFQEAMEESKTHFRAVDPDGDGHVSWDEYKVKFLASKGHSEKEVADAIRLNEELKVDEESCAPLSTGSPGEPEGPLVPGGQPPCRPAADGGGVPVGPPPRAQPGNAQVHGEGDRPGPGPGR		248956422	579	0	0	0	2	Alignment of protein to transcript(s) annotated by UniProt: NM_016176.6, NM_016547.3, XM_047422111.1, XM_047422112.1	Q9BRK5	CAB45_HUMAN	Unreviewed (TrEMBL)	Q9BRK5, B1AME5, B1AME6, B2RDF1, B4DSM1, Q53G52, Q53HQ9, Q8NBQ3, Q96AA1, Q9NZP7, Q9UN53	Q9BRK5-2, Q9BRK5-3, Q9BRK5-4, Q9BRK5-5, Q9BRK5-6	45 kDa calcium-binding protein	Cab45	Stromal cell-derived factor 4	SDF-4	SDF4	CAB45; ORFPSEC0034	<ul><li>May regulate calcium-dependent activities in the endoplasmic reticulum lumen or post-ER compartment.<li>Isoform 5 may be involved in the exocytosis of zymogens by pancreatic acini.</ul>	SDF4	24188	NM_016176.6, NM_016547.2, XM_011541556.1	NP_057260.3, NP_057631.1, XP_011539858.1	51150				alternative isoform
chr1	1220701	1228793	Q9BRK5-4	0	-	1220701	1228793	0,150,250	4	29,114,137,326	0,2542,3130,7766	0	606	+	606	0,29,143,280,	MVWPWVAMASRWGPLIGLAPCCLWLLGAVLLMDASARPANHSSTRERVANREENEILPPDHLNGVKLEMDGHLNRGFHQEVFLGKDLGGFDEDAEPRRSRRKLMVIFSKVDVNTDRKISAKEMQRWIMEKTAEHFQEAMEESKTHFRAVDPDGDGHVSWDEYKVKFLASKGHSEKEVADAIRLNEELKVDEERHGPPGPRAL		248956422	606	0	0	0	2	Alignment of protein to transcript(s) annotated by UniProt: XM_011541556.2	Q9BRK5	CAB45_HUMAN	Unreviewed (TrEMBL)	Q9BRK5, B1AME5, B1AME6, B2RDF1, B4DSM1, Q53G52, Q53HQ9, Q8NBQ3, Q96AA1, Q9NZP7, Q9UN53	Q9BRK5-2, Q9BRK5-3, Q9BRK5-4, Q9BRK5-5, Q9BRK5-6	45 kDa calcium-binding protein	Cab45	Stromal cell-derived factor 4	SDF-4	SDF4	CAB45; ORFPSEC0034	<ul><li>May regulate calcium-dependent activities in the endoplasmic reticulum lumen or post-ER compartment.<li>Isoform 5 may be involved in the exocytosis of zymogens by pancreatic acini.</ul>	SDF4	24188	NM_016176.6, NM_016547.2, XM_011541556.1	NP_057260.3, NP_057631.1, XP_011539858.1	51150				alternative isoform
